START
[  0%] Building CXX object src-core/CMakeFiles/satdump_core.dir/common/audio/audio_sink.cpp.o
[  0%] Building CXX object src-core/CMakeFiles/satdump_core.dir/common/calibration.cpp.o
[  0%] Building CXX object src-core/CMakeFiles/satdump_core.dir/common/ccsds/ccsds.cpp.o
[  0%] Building CXX object src-core/CMakeFiles/satdump_core.dir/common/ccsds/ccsds_aos/demuxer.cpp.o
[  0%] Building CXX object src-core/CMakeFiles/satdump_core.dir/common/ccsds/ccsds_aos/vcdu.cpp.o
[  0%] Building CXX object src-core/CMakeFiles/satdump_core.dir/common/ccsds/ccsds_time.cpp.o
[  0%] Building CXX object src-core/CMakeFiles/satdump_core.dir/common/ccsds/ccsds_tm/demuxer.cpp.o
[  0%] Building CXX object src-core/CMakeFiles/satdump_core.dir/common/ccsds/ccsds_tm/mpdu.cpp.o
[  0%] Building CXX object src-core/CMakeFiles/satdump_core.dir/common/ccsds/ccsds_tm/vcdu.cpp.o
[  1%] Building CXX object src-core/CMakeFiles/satdump_core.dir/common/ccsds/ccsds_aos/mpdu.cpp.o
[  1%] Building CXX object src-core/CMakeFiles/satdump_core.dir/common/cli_utils.cpp.o
[  1%] Building CXX object src-core/CMakeFiles/satdump_core.dir/common/codings/correlator.cpp.o
[  1%] Building CXX object src-core/CMakeFiles/satdump_core.dir/common/codings/correlator32.cpp.o
[  1%] Building CXX object src-core/CMakeFiles/satdump_core.dir/common/codings/crc/crc_generic.cpp.o
[  1%] Building CXX object src-core/CMakeFiles/satdump_core.dir/common/codings/deframing/bpsk_ccsds_deframer.cpp.o
[  1%] Building CXX object src-core/CMakeFiles/satdump_core.dir/common/codings/deframing/hdlc_def.cpp.o
[  2%] Building CXX object src-core/CMakeFiles/satdump_core.dir/common/codings/differential/generic.cpp.o
[  2%] Building CXX object src-core/CMakeFiles/satdump_core.dir/common/codings/differential/nrzi.cpp.o
[  2%] Building CXX object src-core/CMakeFiles/satdump_core.dir/common/codings/differential/nrzm.cpp.o
[  2%] Building CXX object src-core/CMakeFiles/satdump_core.dir/common/codings/differential/nrzs.cpp.o
[  2%] Building CXX object src-core/CMakeFiles/satdump_core.dir/common/codings/differential/qpsk_diff.cpp.o
[  2%] Building CXX object src-core/CMakeFiles/satdump_core.dir/common/codings/dvb-s2/bbframe_ts_parser.cpp.o
[  2%] Building CXX object src-core/CMakeFiles/satdump_core.dir/common/codings/generic_correlator.cpp.o
[  2%] Building CXX object src-core/CMakeFiles/satdump_core.dir/common/codings/ldpc/ccsds_ldpc.cpp.o
[  2%] Building CXX object src-core/CMakeFiles/satdump_core.dir/common/codings/ldpc/ldpc_decoder.cpp.o
[  2%] Building CXX object src-core/CMakeFiles/satdump_core.dir/common/codings/ldpc/ldpc_decoder_generic.cpp.o
[  2%] Building CXX object src-core/CMakeFiles/satdump_core.dir/common/codings/ldpc/make_ccsds.cpp.o
[  3%] Building CXX object src-core/CMakeFiles/satdump_core.dir/common/codings/ldpc/matrix/alist.cpp.o
[  3%] Building CXX object src-core/CMakeFiles/satdump_core.dir/common/codings/ldpc/matrix/general_utils.cpp.o
[  3%] Building CXX object src-core/CMakeFiles/satdump_core.dir/common/codings/ldpc/matrix/matrix.cpp.o
[  3%] Building CXX object src-core/CMakeFiles/satdump_core.dir/common/codings/ldpc/matrix/sparse_matrix.cpp.o
[  3%] Building CXX object src-core/CMakeFiles/satdump_core.dir/common/codings/manchester.cpp.o
[  3%] Building CXX object src-core/CMakeFiles/satdump_core.dir/common/codings/randomization.cpp.o
[  3%] Building CXX object src-core/CMakeFiles/satdump_core.dir/common/codings/reedsolomon/reedsolomon.cpp.o
[  3%] Building CXX object src-core/CMakeFiles/satdump_core.dir/common/codings/rotation.cpp.o
[  3%] Building CXX object src-core/CMakeFiles/satdump_core.dir/common/codings/turbo/ccsds_turbo.cpp.o
[  3%] Building CXX object src-core/CMakeFiles/satdump_core.dir/common/codings/viterbi/cc_decoder.cpp.o
[  3%] Building CXX object src-core/CMakeFiles/satdump_core.dir/common/codings/viterbi/cc_encoder.cpp.o
[  4%] Building CXX object src-core/CMakeFiles/satdump_core.dir/common/codings/viterbi/viterbi27.cpp.o
[  4%] Building CXX object src-core/CMakeFiles/satdump_core.dir/common/codings/viterbi/viterbi_1_2.cpp.o
[  4%] Building CXX object src-core/CMakeFiles/satdump_core.dir/common/codings/viterbi/viterbi_3_4.cpp.o
[  4%] Building CXX object src-core/CMakeFiles/satdump_core.dir/common/codings/viterbi/viterbi_punc.cpp.o
[  4%] Building CXX object src-core/CMakeFiles/satdump_core.dir/common/colormaps.cpp.o
[  4%] Building CXX object src-core/CMakeFiles/satdump_core.dir/common/cpu_features.cpp.o
[  4%] Building CXX object src-core/CMakeFiles/satdump_core.dir/common/detect_header.cpp.o
[  4%] Building CXX object src-core/CMakeFiles/satdump_core.dir/common/dsp/block.cpp.o
[  4%] Building CXX object src-core/CMakeFiles/satdump_core.dir/common/dsp/buffer.cpp.o
[  4%] Building CXX object src-core/CMakeFiles/satdump_core.dir/common/dsp/clock_recovery/clock_recovery_gardner.cpp.o
[  4%] Building CXX object src-core/CMakeFiles/satdump_core.dir/common/dsp/clock_recovery/clock_recovery_mm.cpp.o
/build/SatDump/src-core/common/codings/viterbi/viterbi_punc.cpp: In member function ‘int viterbi::Viterbi_Depunc::work(int8_t*, int, uint8_t*)’:
/build/SatDump/src-core/common/codings/viterbi/viterbi_punc.cpp:80:88: warning: ‘void viterbi::CCDecoder::work(uint8_t*, uint8_t*, int)’ is deprecated [-Wdeprecated-declarations]
   80 |                         cc_decoder_ber.work(ber_depunc_buffer, ber_decoded_buffer, lenp);      // Decode....
      |                                                                                        ^
In file included from /build/SatDump/src-core/common/codings/viterbi/viterbi_punc.h:6,
                 from /build/SatDump/src-core/common/codings/viterbi/viterbi_punc.cpp:1:
/build/SatDump/src-core/./common/codings/viterbi/cc_decoder.h:73:29: note: declared here
   73 |         [[deprecated]] void work(uint8_t *inbuffer, uint8_t *outbuffer, int size);
      |                             ^~~~
/build/SatDump/src-core/common/codings/viterbi/viterbi_punc.cpp:116:54: warning: ‘void viterbi::CCDecoder::work(uint8_t*, uint8_t*, int)’ is deprecated [-Wdeprecated-declarations]
  116 |             cc_decoder.work(depunc_buffer, output, sz); // Decode entire buffer
      |                                                      ^
In file included from /build/SatDump/src-core/common/codings/viterbi/viterbi_punc.h:6,
                 from /build/SatDump/src-core/common/codings/viterbi/viterbi_punc.cpp:1:
/build/SatDump/src-core/./common/codings/viterbi/cc_decoder.h:73:29: note: declared here
   73 |         [[deprecated]] void work(uint8_t *inbuffer, uint8_t *outbuffer, int size);
      |                             ^~~~
[  4%] Building CXX object src-core/CMakeFiles/satdump_core.dir/common/dsp/demod/constellation.cpp.o
[  5%] Building CXX object src-core/CMakeFiles/satdump_core.dir/common/dsp/demod/delay_one_imag.cpp.o
[  5%] Building CXX object src-core/CMakeFiles/satdump_core.dir/common/dsp/demod/pm_to_bpsk.cpp.o
[  5%] Building CXX object src-core/CMakeFiles/satdump_core.dir/common/dsp/demod/quadrature_demod.cpp.o
[  5%] Building CXX object src-core/CMakeFiles/satdump_core.dir/common/dsp/fft/fft_pan.cpp.o
[  5%] Building CXX object src-core/CMakeFiles/satdump_core.dir/common/dsp/filter/decimating_fir.cpp.o
[  5%] Building CXX object src-core/CMakeFiles/satdump_core.dir/common/dsp/filter/deemphasis.cpp.o
[  5%] Building CXX object src-core/CMakeFiles/satdump_core.dir/common/dsp/filter/fft_filter.cpp.o
[  5%] Building CXX object src-core/CMakeFiles/satdump_core.dir/common/dsp/filter/fir.cpp.o
[  5%] Building CXX object src-core/CMakeFiles/satdump_core.dir/common/dsp/filter/firdes.cpp.o
[  5%] Building CXX object src-core/CMakeFiles/satdump_core.dir/common/dsp/hier/gfsk_mod.cpp.o
[  5%] Building CXX object src-core/CMakeFiles/satdump_core.dir/common/dsp/io/baseband_type.cpp.o
[  6%] Building CXX object src-core/CMakeFiles/satdump_core.dir/common/dsp/io/file_sink.cpp.o
/build/SatDump/src-core/common/dsp/filter/deemphasis.cpp: In instantiation of ‘void dsp::DeEmphasisBlock<T>::work() [with T = complex_t]’:
/build/SatDump/src-core/common/dsp/filter/deemphasis.cpp:90:20:   required from here
/build/SatDump/src-core/common/dsp/filter/deemphasis.cpp:41:15: warning: variable ‘input’ set but not used [-Wunused-but-set-variable]
   41 |             T input = Block<T, T>::input_stream->readBuf[i];
      |               ^~~~~
/build/SatDump/src-core/common/dsp/filter/deemphasis.cpp: In instantiation of ‘void dsp::DeEmphasisBlock<T>::work() [with T = float]’:
/build/SatDump/src-core/common/dsp/filter/deemphasis.cpp:91:20:   required from here
/build/SatDump/src-core/common/dsp/filter/deemphasis.cpp:41:15: warning: unused variable ‘input’ [-Wunused-variable]
[  6%] Building CXX object src-core/CMakeFiles/satdump_core.dir/common/dsp/io/file_source.cpp.o
[  6%] Building CXX object src-core/CMakeFiles/satdump_core.dir/common/dsp/io/net_sink.cpp.o
[  6%] Building CXX object src-core/CMakeFiles/satdump_core.dir/common/dsp/path/splitter.cpp.o
[  6%] Building CXX object src-core/CMakeFiles/satdump_core.dir/common/dsp/path/splitter_vfo.cpp.o
[  6%] Building CXX object src-core/CMakeFiles/satdump_core.dir/common/dsp/pll/bpsk_carrier_pll.cpp.o
[  6%] Building CXX object src-core/CMakeFiles/satdump_core.dir/common/dsp/pll/costas_loop.cpp.o
[  6%] Building CXX object src-core/CMakeFiles/satdump_core.dir/common/dsp/pll/pll_carrier_tracking.cpp.o
[  6%] Building CXX object src-core/CMakeFiles/satdump_core.dir/common/dsp/resamp/polyphase_bank.cpp.o
[  6%] Building CXX object src-core/CMakeFiles/satdump_core.dir/common/dsp/resamp/power_decim.cpp.o
[  6%] Building CXX object src-core/CMakeFiles/satdump_core.dir/common/dsp/resamp/rational_resampler.cpp.o
[  6%] Building CXX object src-core/CMakeFiles/satdump_core.dir/common/dsp/resamp/smart_resampler.cpp.o
[  7%] Building CXX object src-core/CMakeFiles/satdump_core.dir/common/dsp/utils/agc.cpp.o
[  7%] Building CXX object src-core/CMakeFiles/satdump_core.dir/common/dsp/utils/agc2.cpp.o
[  7%] Building CXX object src-core/CMakeFiles/satdump_core.dir/common/dsp/utils/complex_to_mag.cpp.o
[  7%] Building CXX object src-core/CMakeFiles/satdump_core.dir/common/dsp/utils/correct_iq.cpp.o
[  7%] Building CXX object src-core/CMakeFiles/satdump_core.dir/common/dsp/utils/doppler_correct.cpp.o
[  7%] Building CXX object src-core/CMakeFiles/satdump_core.dir/common/dsp/utils/fast_trig.cpp.o
[  7%] Building CXX object src-core/CMakeFiles/satdump_core.dir/common/dsp/utils/freq_shift.cpp.o
[  7%] Building CXX object src-core/CMakeFiles/satdump_core.dir/common/dsp/utils/random.cpp.o
[  7%] Building CXX object src-core/CMakeFiles/satdump_core.dir/common/dsp/utils/real_to_complex.cpp.o
[  7%] Building CXX object src-core/CMakeFiles/satdump_core.dir/common/dsp/utils/snr_estimator.cpp.o
[  7%] Building CXX object src-core/CMakeFiles/satdump_core.dir/common/dsp/utils/vco.cpp.o
[  8%] Building CXX object src-core/CMakeFiles/satdump_core.dir/common/dsp/window/window.cpp.o
[  8%] Building CXX object src-core/CMakeFiles/satdump_core.dir/common/dsp_source_sink/android_usb_backend.cpp.o
[  8%] Building CXX object src-core/CMakeFiles/satdump_core.dir/common/dsp_source_sink/dsp_sample_sink.cpp.o
[  8%] Building CXX object src-core/CMakeFiles/satdump_core.dir/common/dsp_source_sink/dsp_sample_source.cpp.o
[  8%] Building CXX object src-core/CMakeFiles/satdump_core.dir/common/dsp_source_sink/file_source.cpp.o
[  8%] Building CXX object src-core/CMakeFiles/satdump_core.dir/common/dsp_source_sink/format_notated.cpp.o
[  8%] Building CXX object src-core/CMakeFiles/satdump_core.dir/common/geodetic/ecef_to_eci.cpp.o
[  8%] Building CXX object src-core/CMakeFiles/satdump_core.dir/common/geodetic/euler_coordinates.cpp.o
[  8%] Building CXX object src-core/CMakeFiles/satdump_core.dir/common/geodetic/euler_raytrace.cpp.o
[  8%] Building CXX object src-core/CMakeFiles/satdump_core.dir/common/geodetic/euler_raytrace_old.cpp.o
[  8%] Building CXX object src-core/CMakeFiles/satdump_core.dir/common/geodetic/geodetic_coordinates.cpp.o
[  9%] Building CXX object src-core/CMakeFiles/satdump_core.dir/common/geodetic/lla_xyz.cpp.o
[  9%] Building CXX object src-core/CMakeFiles/satdump_core.dir/common/geodetic/vincentys_calculations.cpp.o
[  9%] Building CXX object src-core/CMakeFiles/satdump_core.dir/common/image/bayer/bayer.cpp.o
[  9%] Building CXX object src-core/CMakeFiles/satdump_core.dir/common/image/bowtie.cpp.o
[  9%] Building CXX object src-core/CMakeFiles/satdump_core.dir/common/image/brightness_contrast.cpp.o
[  9%] Building CXX object src-core/CMakeFiles/satdump_core.dir/common/image/composite.cpp.o
[  9%] Building CXX object src-core/CMakeFiles/satdump_core.dir/common/image/earth_curvature.cpp.o
[  9%] Building CXX object src-core/CMakeFiles/satdump_core.dir/common/image/histogram_utils.cpp.o
[  9%] Building CXX object src-core/CMakeFiles/satdump_core.dir/common/image/hue_saturation.cpp.o
[  9%] Building CXX object src-core/CMakeFiles/satdump_core.dir/common/image/image.cpp.o
[  9%] Building CXX object src-core/CMakeFiles/satdump_core.dir/common/image/image_background.cpp.o
[  9%] Building CXX object src-core/CMakeFiles/satdump_core.dir/common/image/image_draw.cpp.o
[ 10%] Building CXX object src-core/CMakeFiles/satdump_core.dir/common/image/image_lut.cpp.o
[ 10%] Building CXX object src-core/CMakeFiles/satdump_core.dir/common/image/image_utils.cpp.o
[ 10%] Building CXX object src-core/CMakeFiles/satdump_core.dir/common/image/io.cpp.o
[ 10%] Building CXX object src-core/CMakeFiles/satdump_core.dir/common/image/io/j2kio.cpp.o
[ 10%] Building CXX object src-core/CMakeFiles/satdump_core.dir/common/image/io/jpegio.cpp.o
[ 10%] Building CXX object src-core/CMakeFiles/satdump_core.dir/common/image/io/pbmio.cpp.o
[ 10%] Building CXX object src-core/CMakeFiles/satdump_core.dir/common/image/io/pngio.cpp.o
[ 10%] Building CXX object src-core/CMakeFiles/satdump_core.dir/common/image/io/qoiio.cpp.o
[ 10%] Building CXX object src-core/CMakeFiles/satdump_core.dir/common/image/io/tiffio.cpp.o
[ 10%] Building CXX object src-core/CMakeFiles/satdump_core.dir/common/image/j2k_utils.cpp.o
[ 10%] Building CXX object src-core/CMakeFiles/satdump_core.dir/common/image/jpeg12_utils.cpp.o
[ 11%] Building CXX object src-core/CMakeFiles/satdump_core.dir/common/image/jpeg_utils.cpp.o
[ 11%] Building CXX object src-core/CMakeFiles/satdump_core.dir/common/image/meta.cpp.o
[ 11%] Building CXX object src-core/CMakeFiles/satdump_core.dir/common/image/processing.cpp.o
[ 11%] Building CXX object src-core/CMakeFiles/satdump_core.dir/common/image/text.cpp.o
[ 11%] Building CXX object src-core/CMakeFiles/satdump_core.dir/common/imgui_utils.cpp.o
[ 11%] Building CXX object src-core/CMakeFiles/satdump_core.dir/common/lrit/lrit_demux.cpp.o
[ 11%] Building CXX object src-core/CMakeFiles/satdump_core.dir/common/lrit/lrit_file.cpp.o
[ 11%] Building CXX object src-core/CMakeFiles/satdump_core.dir/common/lrit/lrit_productizer.cpp.o
[ 11%] Building CXX object src-core/CMakeFiles/satdump_core.dir/common/lua/lua_utils.cpp.o
[ 11%] Building C object src-core/CMakeFiles/satdump_core.dir/common/map/maidenhead.c.o
[ 11%] Building CXX object src-core/CMakeFiles/satdump_core.dir/common/map/map_drawer.cpp.o
[ 12%] Building CXX object src-core/CMakeFiles/satdump_core.dir/common/map/shapefile.cpp.o
[ 12%] Building CXX object src-core/CMakeFiles/satdump_core.dir/common/mpeg_ts/dvb_mpe.cpp.o
[ 12%] Building CXX object src-core/CMakeFiles/satdump_core.dir/common/mpeg_ts/fazzt_processor.cpp.o
[ 12%] Building CXX object src-core/CMakeFiles/satdump_core.dir/common/mpeg_ts/ts_demux.cpp.o
[ 12%] Building CXX object src-core/CMakeFiles/satdump_core.dir/common/mpeg_ts/ts_header.cpp.o
[ 12%] Building CXX object src-core/CMakeFiles/satdump_core.dir/common/overlay_handler.cpp.o
[ 12%] Building CXX object src-core/CMakeFiles/satdump_core.dir/common/projection/gcp_compute/gcp_compute.cpp.o
[ 12%] Building CXX object src-core/CMakeFiles/satdump_core.dir/common/projection/geotiff/geotiff_read.cpp.o
[ 12%] Building CXX object src-core/CMakeFiles/satdump_core.dir/common/projection/geotiff/geotiff_write.cpp.o
[ 12%] Building CXX object src-core/CMakeFiles/satdump_core.dir/common/projection/projs/equirectangular.cpp.o
[ 12%] Building CXX object src-core/CMakeFiles/satdump_core.dir/common/projection/projs/tps_transform.cpp.o
[ 12%] Building CXX object src-core/CMakeFiles/satdump_core.dir/common/projection/projs2/equirect.cpp.o
[ 13%] Building CXX object src-core/CMakeFiles/satdump_core.dir/common/projection/projs2/geos.cpp.o
[ 13%] Building CXX object src-core/CMakeFiles/satdump_core.dir/common/projection/projs2/proj.cpp.o
[ 13%] Building CXX object src-core/CMakeFiles/satdump_core.dir/common/projection/projs2/stereo.cpp.o
[ 13%] Building CXX object src-core/CMakeFiles/satdump_core.dir/common/projection/projs2/tmerc.cpp.o
[ 13%] Building CXX object src-core/CMakeFiles/satdump_core.dir/common/projection/projs2/tpers.cpp.o
[ 13%] Building CXX object src-core/CMakeFiles/satdump_core.dir/common/projection/projs2/webmerc.cpp.o
[ 13%] Building CXX object src-core/CMakeFiles/satdump_core.dir/common/projection/reprojector.cpp.o
[ 13%] Building CXX object src-core/CMakeFiles/satdump_core.dir/common/projection/sat_proj/sat_proj.cpp.o
[ 13%] Building CXX object src-core/CMakeFiles/satdump_core.dir/common/projection/thinplatespline.cpp.o
[ 13%] Building CXX object src-core/CMakeFiles/satdump_core.dir/common/projection/timestamp_filtering.cpp.o
[ 13%] Building CXX object src-core/CMakeFiles/satdump_core.dir/common/projection/warp/smart_warp.cpp.o
[ 14%] Building CXX object src-core/CMakeFiles/satdump_core.dir/common/projection/warp/warp.cpp.o
[ 14%] Building CXX object src-core/CMakeFiles/satdump_core.dir/common/repack.cpp.o
/build/SatDump/src-core/common/projection/warp/warp.cpp: In member function ‘satdump::warp::WarpResult satdump::warp::ImageWarper::warp(bool)’:
/build/SatDump/src-core/common/projection/warp/warp.cpp:457:43: warning: unused parameter ‘force_double’ [-Wunused-parameter]
  457 |         WarpResult ImageWarper::warp(bool force_double)
      |                                      ~~~~~^~~~~~~~~~~~
[ 14%] Building CXX object src-core/CMakeFiles/satdump_core.dir/common/repack_bits_byte.cpp.o
[ 14%] Building CXX object src-core/CMakeFiles/satdump_core.dir/common/rimgui.cpp.o
[ 14%] Building CXX object src-core/CMakeFiles/satdump_core.dir/common/thread_priority.cpp.o
[ 14%] Building CXX object src-core/CMakeFiles/satdump_core.dir/common/tile_map/map.cpp.o
[ 14%] Building CXX object src-core/CMakeFiles/satdump_core.dir/common/tracking/obj_tracker/object_tracker.cpp.o
[ 14%] Building CXX object src-core/CMakeFiles/satdump_core.dir/common/tracking/obj_tracker/object_tracker_backend.cpp.o
[ 14%] Building CXX object src-core/CMakeFiles/satdump_core.dir/common/tracking/obj_tracker/object_tracker_horizons.cpp.o
[ 14%] Building CXX object src-core/CMakeFiles/satdump_core.dir/common/tracking/obj_tracker/object_tracker_info.cpp.o
[ 14%] Building CXX object src-core/CMakeFiles/satdump_core.dir/common/tracking/obj_tracker/object_tracker_render.cpp.o
[ 15%] Building CXX object src-core/CMakeFiles/satdump_core.dir/common/tracking/obj_tracker/object_tracker_rotator.cpp.o
[ 15%] Building CXX object src-core/CMakeFiles/satdump_core.dir/common/tracking/rotator/rotator_handler.cpp.o
[ 15%] Building CXX object src-core/CMakeFiles/satdump_core.dir/common/tracking/rotator/rotcl_handler.cpp.o
[ 15%] Building CXX object src-core/CMakeFiles/satdump_core.dir/common/tracking/scheduler/passes.cpp.o
[ 15%] Building CXX object src-core/CMakeFiles/satdump_core.dir/common/tracking/scheduler/scheduler.cpp.o
[ 15%] Building CXX object src-core/CMakeFiles/satdump_core.dir/common/tracking/scheduler/scheduler_ui.cpp.o
[ 15%] Building CXX object src-core/CMakeFiles/satdump_core.dir/common/tracking/tle.cpp.o
[ 15%] Building CXX object src-core/CMakeFiles/satdump_core.dir/common/tracking/tracking.cpp.o
[ 15%] Building CXX object src-core/CMakeFiles/satdump_core.dir/common/utils.cpp.o
[ 15%] Building CXX object src-core/CMakeFiles/satdump_core.dir/common/wav.cpp.o
[ 15%] Building CXX object src-core/CMakeFiles/satdump_core.dir/common/widgets/azel_input.cpp.o
[ 15%] Building CXX object src-core/CMakeFiles/satdump_core.dir/common/widgets/constellation.cpp.o
[ 16%] Building CXX object src-core/CMakeFiles/satdump_core.dir/common/widgets/constellation_s2.cpp.o
[ 16%] Building CXX object src-core/CMakeFiles/satdump_core.dir/common/widgets/datetime.cpp.o
[ 16%] Building CXX object src-core/CMakeFiles/satdump_core.dir/common/widgets/double_list.cpp.o
[ 16%] Building CXX object src-core/CMakeFiles/satdump_core.dir/common/widgets/fft_plot.cpp.o
[ 16%] Building CXX object src-core/CMakeFiles/satdump_core.dir/common/widgets/frequency_input.cpp.o
[ 16%] Building CXX object src-core/CMakeFiles/satdump_core.dir/common/widgets/image_view.cpp.o
[ 16%] Building CXX object src-core/CMakeFiles/satdump_core.dir/common/widgets/json_editor.cpp.o
[ 16%] Building CXX object src-core/CMakeFiles/satdump_core.dir/common/widgets/logger_sink.cpp.o
[ 16%] Building CXX object src-core/CMakeFiles/satdump_core.dir/common/widgets/markdown_helper.cpp.o
[ 16%] Building CXX object src-core/CMakeFiles/satdump_core.dir/common/widgets/notated_num.cpp.o
[ 16%] Building CXX object src-core/CMakeFiles/satdump_core.dir/common/widgets/pipeline_selector.cpp.o
[ 17%] Building CXX object src-core/CMakeFiles/satdump_core.dir/common/widgets/snr_plot.cpp.o
[ 17%] Building CXX object src-core/CMakeFiles/satdump_core.dir/common/widgets/spinner.cpp.o
[ 17%] Building CXX object src-core/CMakeFiles/satdump_core.dir/common/widgets/stepped_slider.cpp.o
[ 17%] Building CXX object src-core/CMakeFiles/satdump_core.dir/common/widgets/switch.cpp.o
[ 17%] Building CXX object src-core/CMakeFiles/satdump_core.dir/common/widgets/themed_widgets.cpp.o
[ 17%] Building CXX object src-core/CMakeFiles/satdump_core.dir/common/widgets/timed_message.cpp.o
[ 17%] Building CXX object src-core/CMakeFiles/satdump_core.dir/common/widgets/value_plot.cpp.o
[ 17%] Building CXX object src-core/CMakeFiles/satdump_core.dir/common/widgets/waterfall_plot.cpp.o
[ 17%] Building CXX object src-core/CMakeFiles/satdump_core.dir/common/ziq.cpp.o
[ 17%] Building CXX object src-core/CMakeFiles/satdump_core.dir/common/ziq2.cpp.o
[ 17%] Building CXX object src-core/CMakeFiles/satdump_core.dir/core/backend.cpp.o
[ 18%] Building CXX object src-core/CMakeFiles/satdump_core.dir/core/config.cpp.o
[ 18%] Building CXX object src-core/CMakeFiles/satdump_core.dir/core/live_pipeline.cpp.o
[ 18%] Building CXX object src-core/CMakeFiles/satdump_core.dir/core/module.cpp.o
[ 18%] Building CXX object src-core/CMakeFiles/satdump_core.dir/core/opencl.cpp.o
[ 18%] Building CXX object src-core/CMakeFiles/satdump_core.dir/core/params.cpp.o
[ 18%] Building CXX object src-core/CMakeFiles/satdump_core.dir/core/pipeline.cpp.o
[ 18%] Building CXX object src-core/CMakeFiles/satdump_core.dir/core/plugin.cpp.o
[ 18%] Building CXX object src-core/CMakeFiles/satdump_core.dir/core/style.cpp.o
[ 18%] Building CXX object src-core/CMakeFiles/satdump_core.dir/imgui/imgui.cpp.o
[ 18%] Building CXX object src-core/CMakeFiles/satdump_core.dir/imgui/imgui_demo.cpp.o
[ 18%] Building CXX object src-core/CMakeFiles/satdump_core.dir/imgui/imgui_draw.cpp.o
[ 18%] Building CXX object src-core/CMakeFiles/satdump_core.dir/imgui/imgui_image.cpp.o
[ 19%] Building CXX object src-core/CMakeFiles/satdump_core.dir/imgui/imgui_stdlib.cpp.o
[ 19%] Building CXX object src-core/CMakeFiles/satdump_core.dir/imgui/imgui_tables.cpp.o
[ 19%] Building CXX object src-core/CMakeFiles/satdump_core.dir/imgui/imgui_widgets.cpp.o
[ 19%] Building CXX object src-core/CMakeFiles/satdump_core.dir/imgui/implot/implot.cpp.o
[ 19%] Building CXX object src-core/CMakeFiles/satdump_core.dir/imgui/implot/implot_demo.cpp.o
[ 19%] Building CXX object src-core/CMakeFiles/satdump_core.dir/imgui/implot/implot_items.cpp.o
[ 19%] Building CXX object src-core/CMakeFiles/satdump_core.dir/imgui/pfd/android_dialogs.cpp.o
[ 19%] Building CXX object src-core/CMakeFiles/satdump_core.dir/imgui/pfd/pfd_utils.cpp.o
[ 19%] Building CXX object src-core/CMakeFiles/satdump_core.dir/imgui/pfd/widget.cpp.o
[ 19%] Building CXX object src-core/CMakeFiles/satdump_core.dir/init.cpp.o
[ 19%] Building C object src-core/CMakeFiles/satdump_core.dir/libs/aec/decode.c.o
[ 20%] Building C object src-core/CMakeFiles/satdump_core.dir/libs/aec/encode.c.o
[ 20%] Building C object src-core/CMakeFiles/satdump_core.dir/libs/aec/encode_accessors.c.o
[ 20%] Building C object src-core/CMakeFiles/satdump_core.dir/libs/aec/sz_compat.c.o
[ 20%] Building C object src-core/CMakeFiles/satdump_core.dir/libs/bzlib/blocksort.c.o
[ 20%] Building C object src-core/CMakeFiles/satdump_core.dir/libs/bzlib/bzlib.c.o
[ 20%] Building C object src-core/CMakeFiles/satdump_core.dir/libs/bzlib/compress.c.o
[ 20%] Building C object src-core/CMakeFiles/satdump_core.dir/libs/bzlib/crctable.c.o
[ 20%] Building C object src-core/CMakeFiles/satdump_core.dir/libs/bzlib/decompress.c.o
[ 20%] Building C object src-core/CMakeFiles/satdump_core.dir/libs/bzlib/huffman.c.o
[ 20%] Building C object src-core/CMakeFiles/satdump_core.dir/libs/bzlib/randtable.c.o
[ 20%] Building C object src-core/CMakeFiles/satdump_core.dir/libs/correct/reed-solomon/decode.c.o
[ 21%] Building C object src-core/CMakeFiles/satdump_core.dir/libs/correct/reed-solomon/encode.c.o
[ 21%] Building C object src-core/CMakeFiles/satdump_core.dir/libs/correct/reed-solomon/polynomial.c.o
[ 21%] Building C object src-core/CMakeFiles/satdump_core.dir/libs/correct/reed-solomon/reed-solomon.c.o
[ 21%] Building C object src-core/CMakeFiles/satdump_core.dir/libs/deepspace-turbo/libconvcodes.c.o
[ 21%] Building C object src-core/CMakeFiles/satdump_core.dir/libs/deepspace-turbo/libturbocodes.c.o
[ 21%] Building C object src-core/CMakeFiles/satdump_core.dir/libs/dlfcn/dlfcn.c.o
[ 21%] Building C object src-core/CMakeFiles/satdump_core.dir/libs/jpeg/jaricom.c.o
[ 21%] Building C object src-core/CMakeFiles/satdump_core.dir/libs/jpeg/jcapimin.c.o
[ 21%] Building C object src-core/CMakeFiles/satdump_core.dir/libs/jpeg/jcapistd.c.o
[ 21%] Building C object src-core/CMakeFiles/satdump_core.dir/libs/jpeg/jcarith.c.o
[ 21%] Building C object src-core/CMakeFiles/satdump_core.dir/libs/jpeg/jccoefct.c.o
[ 21%] Building C object src-core/CMakeFiles/satdump_core.dir/libs/jpeg/jccolor.c.o
[ 22%] Building C object src-core/CMakeFiles/satdump_core.dir/libs/jpeg/jcdctmgr.c.o
[ 22%] Building C object src-core/CMakeFiles/satdump_core.dir/libs/jpeg/jcdiffct.c.o
[ 22%] Building C object src-core/CMakeFiles/satdump_core.dir/libs/jpeg/jchuff.c.o
[ 22%] Building C object src-core/CMakeFiles/satdump_core.dir/libs/jpeg/jcinit.c.o
[ 22%] Building C object src-core/CMakeFiles/satdump_core.dir/libs/jpeg/jclhuff.c.o
[ 22%] Building C object src-core/CMakeFiles/satdump_core.dir/libs/jpeg/jclossls.c.o
[ 22%] Building C object src-core/CMakeFiles/satdump_core.dir/libs/jpeg/jclossy.c.o
[ 22%] Building C object src-core/CMakeFiles/satdump_core.dir/libs/jpeg/jcmainct.c.o
[ 22%] Building C object src-core/CMakeFiles/satdump_core.dir/libs/jpeg/jcmarker.c.o
[ 22%] Building C object src-core/CMakeFiles/satdump_core.dir/libs/jpeg/jcmaster.c.o
[ 22%] Building C object src-core/CMakeFiles/satdump_core.dir/libs/jpeg/jcodec.c.o
[ 23%] Building C object src-core/CMakeFiles/satdump_core.dir/libs/jpeg/jcomapi.c.o
[ 23%] Building C object src-core/CMakeFiles/satdump_core.dir/libs/jpeg/jcparam.c.o
[ 23%] Building C object src-core/CMakeFiles/satdump_core.dir/libs/jpeg/jcphuff.c.o
[ 23%] Building C object src-core/CMakeFiles/satdump_core.dir/libs/jpeg/jcpred.c.o
[ 23%] Building C object src-core/CMakeFiles/satdump_core.dir/libs/jpeg/jcprepct.c.o
[ 23%] Building C object src-core/CMakeFiles/satdump_core.dir/libs/jpeg/jcsample.c.o
[ 23%] Building C object src-core/CMakeFiles/satdump_core.dir/libs/jpeg/jcscale.c.o
[ 23%] Building C object src-core/CMakeFiles/satdump_core.dir/libs/jpeg/jcshuff.c.o
[ 23%] Building C object src-core/CMakeFiles/satdump_core.dir/libs/jpeg/jctrans.c.o
[ 23%] Building C object src-core/CMakeFiles/satdump_core.dir/libs/jpeg/jdapimin.c.o
[ 23%] Building C object src-core/CMakeFiles/satdump_core.dir/libs/jpeg/jdapistd.c.o
[ 24%] Building C object src-core/CMakeFiles/satdump_core.dir/libs/jpeg/jdarith.c.o
[ 24%] Building C object src-core/CMakeFiles/satdump_core.dir/libs/jpeg/jdatadst.c.o
[ 24%] Building C object src-core/CMakeFiles/satdump_core.dir/libs/jpeg/jdatasrc.c.o
[ 24%] Building C object src-core/CMakeFiles/satdump_core.dir/libs/jpeg/jdcoefct.c.o
[ 24%] Building C object src-core/CMakeFiles/satdump_core.dir/libs/jpeg/jdcolor.c.o
[ 24%] Building C object src-core/CMakeFiles/satdump_core.dir/libs/jpeg/jddctmgr.c.o
[ 24%] Building C object src-core/CMakeFiles/satdump_core.dir/libs/jpeg/jddiffct.c.o
[ 24%] Building C object src-core/CMakeFiles/satdump_core.dir/libs/jpeg/jdhuff.c.o
[ 24%] Building C object src-core/CMakeFiles/satdump_core.dir/libs/jpeg/jdinput.c.o
[ 24%] Building C object src-core/CMakeFiles/satdump_core.dir/libs/jpeg/jdlhuff.c.o
[ 24%] Building C object src-core/CMakeFiles/satdump_core.dir/libs/jpeg/jdlossls.c.o
[ 24%] Building C object src-core/CMakeFiles/satdump_core.dir/libs/jpeg/jdlossy.c.o
[ 25%] Building C object src-core/CMakeFiles/satdump_core.dir/libs/jpeg/jdmainct.c.o
[ 25%] Building C object src-core/CMakeFiles/satdump_core.dir/libs/jpeg/jdmarker.c.o
[ 25%] Building C object src-core/CMakeFiles/satdump_core.dir/libs/jpeg/jdmaster.c.o
[ 25%] Building C object src-core/CMakeFiles/satdump_core.dir/libs/jpeg/jdmerge.c.o
[ 25%] Building C object src-core/CMakeFiles/satdump_core.dir/libs/jpeg/jdphuff.c.o
[ 25%] Building C object src-core/CMakeFiles/satdump_core.dir/libs/jpeg/jdpostct.c.o
[ 25%] Building C object src-core/CMakeFiles/satdump_core.dir/libs/jpeg/jdpred.c.o
[ 25%] Building C object src-core/CMakeFiles/satdump_core.dir/libs/jpeg/jdsample.c.o
[ 25%] Building C object src-core/CMakeFiles/satdump_core.dir/libs/jpeg/jdscale.c.o
[ 25%] Building C object src-core/CMakeFiles/satdump_core.dir/libs/jpeg/jdshuff.c.o
[ 25%] Building C object src-core/CMakeFiles/satdump_core.dir/libs/jpeg/jdtrans.c.o
[ 26%] Building C object src-core/CMakeFiles/satdump_core.dir/libs/jpeg/jerror.c.o
[ 26%] Building C object src-core/CMakeFiles/satdump_core.dir/libs/jpeg/jfdctflt.c.o
[ 26%] Building C object src-core/CMakeFiles/satdump_core.dir/libs/jpeg/jfdctfst.c.o
[ 26%] Building C object src-core/CMakeFiles/satdump_core.dir/libs/jpeg/jfdctint.c.o
[ 26%] Building C object src-core/CMakeFiles/satdump_core.dir/libs/jpeg/jidctflt.c.o
[ 26%] Building C object src-core/CMakeFiles/satdump_core.dir/libs/jpeg/jidctfst.c.o
[ 26%] Building C object src-core/CMakeFiles/satdump_core.dir/libs/jpeg/jidctint.c.o
[ 26%] Building C object src-core/CMakeFiles/satdump_core.dir/libs/jpeg/jidctred.c.o
[ 26%] Building C object src-core/CMakeFiles/satdump_core.dir/libs/jpeg/jmemmgr.c.o
[ 26%] Building C object src-core/CMakeFiles/satdump_core.dir/libs/jpeg/jmemnobs.c.o
[ 26%] Building C object src-core/CMakeFiles/satdump_core.dir/libs/jpeg/jquant1.c.o
[ 26%] Building C object src-core/CMakeFiles/satdump_core.dir/libs/jpeg/jquant2.c.o
[ 27%] Building C object src-core/CMakeFiles/satdump_core.dir/libs/jpeg/jutils.c.o
[ 27%] Building C object src-core/CMakeFiles/satdump_core.dir/libs/jpeg12/jaricom.c.o
[ 27%] Building C object src-core/CMakeFiles/satdump_core.dir/libs/jpeg12/jcapimin.c.o
[ 27%] Building C object src-core/CMakeFiles/satdump_core.dir/libs/jpeg12/jcarith.c.o
[ 27%] Building C object src-core/CMakeFiles/satdump_core.dir/libs/jpeg12/jcapistd.c.o
[ 27%] Building C object src-core/CMakeFiles/satdump_core.dir/libs/jpeg12/jccoefct.c.o
[ 27%] Building C object src-core/CMakeFiles/satdump_core.dir/libs/jpeg12/jccolor.c.o
[ 27%] Building C object src-core/CMakeFiles/satdump_core.dir/libs/jpeg12/jcdctmgr.c.o
[ 27%] Building C object src-core/CMakeFiles/satdump_core.dir/libs/jpeg12/jcdiffct.c.o
[ 27%] Building C object src-core/CMakeFiles/satdump_core.dir/libs/jpeg12/jchuff.c.o
[ 27%] Building C object src-core/CMakeFiles/satdump_core.dir/libs/jpeg12/jcinit.c.o
[ 28%] Building C object src-core/CMakeFiles/satdump_core.dir/libs/jpeg12/jclhuff.c.o
[ 28%] Building C object src-core/CMakeFiles/satdump_core.dir/libs/jpeg12/jclossls.c.o
[ 28%] Building C object src-core/CMakeFiles/satdump_core.dir/libs/jpeg12/jclossy.c.o
[ 28%] Building C object src-core/CMakeFiles/satdump_core.dir/libs/jpeg12/jcmainct.c.o
[ 28%] Building C object src-core/CMakeFiles/satdump_core.dir/libs/jpeg12/jcmarker.c.o
[ 28%] Building C object src-core/CMakeFiles/satdump_core.dir/libs/jpeg12/jcmaster.c.o
[ 28%] Building C object src-core/CMakeFiles/satdump_core.dir/libs/jpeg12/jcodec.c.o
[ 28%] Building C object src-core/CMakeFiles/satdump_core.dir/libs/jpeg12/jcomapi.c.o
[ 28%] Building C object src-core/CMakeFiles/satdump_core.dir/libs/jpeg12/jcparam.c.o
[ 28%] Building C object src-core/CMakeFiles/satdump_core.dir/libs/jpeg12/jcphuff.c.o
[ 29%] Building C object src-core/CMakeFiles/satdump_core.dir/libs/jpeg12/jcprepct.c.o
[ 29%] Building C object src-core/CMakeFiles/satdump_core.dir/libs/jpeg12/jcpred.c.o
[ 29%] Building C object src-core/CMakeFiles/satdump_core.dir/libs/jpeg12/jcsample.c.o
[ 29%] Building C object src-core/CMakeFiles/satdump_core.dir/libs/jpeg12/jcshuff.c.o
[ 29%] Building C object src-core/CMakeFiles/satdump_core.dir/libs/jpeg12/jcscale.c.o
[ 29%] Building C object src-core/CMakeFiles/satdump_core.dir/libs/jpeg12/jctrans.c.o
[ 29%] Building C object src-core/CMakeFiles/satdump_core.dir/libs/jpeg12/jdapistd.c.o
[ 29%] Building C object src-core/CMakeFiles/satdump_core.dir/libs/jpeg12/jdapimin.c.o
[ 29%] Building C object src-core/CMakeFiles/satdump_core.dir/libs/jpeg12/jdarith.c.o
[ 29%] Building C object src-core/CMakeFiles/satdump_core.dir/libs/jpeg12/jdatadst.c.o
[ 29%] Building C object src-core/CMakeFiles/satdump_core.dir/libs/jpeg12/jdatasrc.c.o
[ 29%] Building C object src-core/CMakeFiles/satdump_core.dir/libs/jpeg12/jdcoefct.c.o
[ 29%] Building C object src-core/CMakeFiles/satdump_core.dir/libs/jpeg12/jdcolor.c.o
[ 30%] Building C object src-core/CMakeFiles/satdump_core.dir/libs/jpeg12/jddctmgr.c.o
[ 30%] Building C object src-core/CMakeFiles/satdump_core.dir/libs/jpeg12/jdinput.c.o
[ 30%] Building C object src-core/CMakeFiles/satdump_core.dir/libs/jpeg12/jddiffct.c.o
[ 30%] Building C object src-core/CMakeFiles/satdump_core.dir/libs/jpeg12/jdhuff.c.o
[ 30%] Building C object src-core/CMakeFiles/satdump_core.dir/libs/jpeg12/jdlhuff.c.o
[ 30%] Building C object src-core/CMakeFiles/satdump_core.dir/libs/jpeg12/jdlossls.c.o
[ 30%] Building C object src-core/CMakeFiles/satdump_core.dir/libs/jpeg12/jdlossy.c.o
[ 30%] Building C object src-core/CMakeFiles/satdump_core.dir/libs/jpeg12/jdmainct.c.o
[ 30%] Building C object src-core/CMakeFiles/satdump_core.dir/libs/jpeg12/jdmarker.c.o
[ 30%] Building C object src-core/CMakeFiles/satdump_core.dir/libs/jpeg12/jdmaster.c.o
[ 30%] Building C object src-core/CMakeFiles/satdump_core.dir/libs/jpeg12/jdmerge.c.o
[ 31%] Building C object src-core/CMakeFiles/satdump_core.dir/libs/jpeg12/jdphuff.c.o
[ 31%] Building C object src-core/CMakeFiles/satdump_core.dir/libs/jpeg12/jdpostct.c.o
[ 31%] Building C object src-core/CMakeFiles/satdump_core.dir/libs/jpeg12/jdpred.c.o
[ 31%] Building C object src-core/CMakeFiles/satdump_core.dir/libs/jpeg12/jdsample.c.o
[ 31%] Building C object src-core/CMakeFiles/satdump_core.dir/libs/jpeg12/jdscale.c.o
[ 31%] Building C object src-core/CMakeFiles/satdump_core.dir/libs/jpeg12/jdshuff.c.o
[ 31%] Building C object src-core/CMakeFiles/satdump_core.dir/libs/jpeg12/jdtrans.c.o
[ 31%] Building C object src-core/CMakeFiles/satdump_core.dir/libs/jpeg12/jerror.c.o
[ 31%] Building C object src-core/CMakeFiles/satdump_core.dir/libs/jpeg12/jfdctflt.c.o
[ 31%] Building C object src-core/CMakeFiles/satdump_core.dir/libs/jpeg12/jfdctfst.c.o
[ 31%] Building C object src-core/CMakeFiles/satdump_core.dir/libs/jpeg12/jfdctint.c.o
[ 31%] Building C object src-core/CMakeFiles/satdump_core.dir/libs/jpeg12/jidctfst.c.o
[ 32%] Building C object src-core/CMakeFiles/satdump_core.dir/libs/jpeg12/jidctflt.c.o
[ 32%] Building C object src-core/CMakeFiles/satdump_core.dir/libs/jpeg12/jidctint.c.o
[ 32%] Building C object src-core/CMakeFiles/satdump_core.dir/libs/jpeg12/jidctred.c.o
[ 32%] Building C object src-core/CMakeFiles/satdump_core.dir/libs/jpeg12/jmemmgr.c.o
[ 32%] Building C object src-core/CMakeFiles/satdump_core.dir/libs/jpeg12/jmemnobs.c.o
[ 32%] Building C object src-core/CMakeFiles/satdump_core.dir/libs/jpeg12/jquant1.c.o
[ 32%] Building C object src-core/CMakeFiles/satdump_core.dir/libs/jpeg12/jquant2.c.o
[ 32%] Building C object src-core/CMakeFiles/satdump_core.dir/libs/jpeg12/jutils.c.o
[ 32%] Building CXX object src-core/CMakeFiles/satdump_core.dir/libs/libopencl_loader/opencl_loader.cpp.o
[ 32%] Building C object src-core/CMakeFiles/satdump_core.dir/libs/lua/onelua.c.o
[ 32%] Building C object src-core/CMakeFiles/satdump_core.dir/libs/miniz/miniz.c.o
[ 33%] Building C object src-core/CMakeFiles/satdump_core.dir/libs/miniz/miniz_tdef.c.o
[ 33%] Building C object src-core/CMakeFiles/satdump_core.dir/libs/miniz/miniz_tinfl.c.o
[ 33%] Building C object src-core/CMakeFiles/satdump_core.dir/libs/miniz/miniz_zip.c.o
[ 33%] Building CXX object src-core/CMakeFiles/satdump_core.dir/libs/muparser/muParser.cpp.o
[ 33%] Building CXX object src-core/CMakeFiles/satdump_core.dir/libs/muparser/muParserBase.cpp.o
[ 33%] Building CXX object src-core/CMakeFiles/satdump_core.dir/libs/muparser/muParserBytecode.cpp.o
[ 33%] Building CXX object src-core/CMakeFiles/satdump_core.dir/libs/muparser/muParserCallback.cpp.o
[ 33%] Building CXX object src-core/CMakeFiles/satdump_core.dir/libs/muparser/muParserDLL.cpp.o
[ 33%] Building CXX object src-core/CMakeFiles/satdump_core.dir/libs/muparser/muParserError.cpp.o
[ 33%] Building CXX object src-core/CMakeFiles/satdump_core.dir/libs/muparser/muParserInt.cpp.o
[ 33%] Building CXX object src-core/CMakeFiles/satdump_core.dir/libs/muparser/muParserTest.cpp.o
[ 34%] Building CXX object src-core/CMakeFiles/satdump_core.dir/libs/muparser/muParserTokenReader.cpp.o
[ 34%] Building C object src-core/CMakeFiles/satdump_core.dir/libs/openjp2/bio.c.o
[ 34%] Building C object src-core/CMakeFiles/satdump_core.dir/libs/openjp2/cio.c.o
[ 34%] Building C object src-core/CMakeFiles/satdump_core.dir/libs/openjp2/dwt.c.o
[ 34%] Building C object src-core/CMakeFiles/satdump_core.dir/libs/openjp2/event.c.o
[ 34%] Building C object src-core/CMakeFiles/satdump_core.dir/libs/openjp2/function_list.c.o
[ 34%] Building C object src-core/CMakeFiles/satdump_core.dir/libs/openjp2/ht_dec.c.o
[ 34%] Building C object src-core/CMakeFiles/satdump_core.dir/libs/openjp2/image.c.o
[ 34%] Building C object src-core/CMakeFiles/satdump_core.dir/libs/openjp2/invert.c.o
[ 34%] Building C object src-core/CMakeFiles/satdump_core.dir/libs/openjp2/j2k.c.o
[ 34%] Building C object src-core/CMakeFiles/satdump_core.dir/libs/openjp2/jp2.c.o
[ 35%] Building C object src-core/CMakeFiles/satdump_core.dir/libs/openjp2/mct.c.o
[ 35%] Building C object src-core/CMakeFiles/satdump_core.dir/libs/openjp2/mqc.c.o
[ 35%] Building C object src-core/CMakeFiles/satdump_core.dir/libs/openjp2/openjpeg.c.o
[ 35%] Building C object src-core/CMakeFiles/satdump_core.dir/libs/openjp2/opj_clock.c.o
[ 35%] Building C object src-core/CMakeFiles/satdump_core.dir/libs/openjp2/opj_malloc.c.o
[ 35%] Building C object src-core/CMakeFiles/satdump_core.dir/libs/openjp2/pi.c.o
[ 35%] Building C object src-core/CMakeFiles/satdump_core.dir/libs/openjp2/sparse_array.c.o
[ 35%] Building C object src-core/CMakeFiles/satdump_core.dir/libs/openjp2/t1.c.o
[ 35%] Building C object src-core/CMakeFiles/satdump_core.dir/libs/openjp2/t2.c.o
[ 35%] Building C object src-core/CMakeFiles/satdump_core.dir/libs/openjp2/tcd.c.o
[ 35%] Building C object src-core/CMakeFiles/satdump_core.dir/libs/openjp2/tgt.c.o
[ 35%] Building C object src-core/CMakeFiles/satdump_core.dir/libs/openjp2/thread.c.o
[ 36%] Building CXX object src-core/CMakeFiles/satdump_core.dir/libs/others/strptime.cpp.o
[ 36%] Building C object src-core/CMakeFiles/satdump_core.dir/libs/predict/julian_date.c.o
[ 36%] Building C object src-core/CMakeFiles/satdump_core.dir/libs/predict/moon.c.o
[ 36%] Building C object src-core/CMakeFiles/satdump_core.dir/libs/predict/observer.c.o
[ 36%] Building C object src-core/CMakeFiles/satdump_core.dir/libs/predict/orbit.c.o
[ 36%] Building C object src-core/CMakeFiles/satdump_core.dir/libs/predict/refraction.c.o
[ 36%] Building C object src-core/CMakeFiles/satdump_core.dir/libs/predict/sdp4.c.o
[ 36%] Building C object src-core/CMakeFiles/satdump_core.dir/libs/predict/sgp4.c.o
[ 36%] Building C object src-core/CMakeFiles/satdump_core.dir/libs/predict/sun.c.o
[ 36%] Building C object src-core/CMakeFiles/satdump_core.dir/libs/predict/unsorted.c.o
[ 36%] Building C object src-core/CMakeFiles/satdump_core.dir/libs/predict/version.c.o
[ 37%] Building CXX object src-core/CMakeFiles/satdump_core.dir/logger.cpp.o
[ 37%] Building CXX object src-core/CMakeFiles/satdump_core.dir/modules/ccsds/module_ccsds_conv_concat_decoder.cpp.o
[ 37%] Building CXX object src-core/CMakeFiles/satdump_core.dir/modules/ccsds/module_ccsds_ldpc_decoder.cpp.o
[ 37%] Building CXX object src-core/CMakeFiles/satdump_core.dir/modules/ccsds/module_ccsds_simple_psk_decoder.cpp.o
[ 37%] Building CXX object src-core/CMakeFiles/satdump_core.dir/modules/ccsds/module_ccsds_turbo_decoder.cpp.o
[ 37%] Building CXX object src-core/CMakeFiles/satdump_core.dir/modules/demod/module_demod_base.cpp.o
[ 37%] Building CXX object src-core/CMakeFiles/satdump_core.dir/modules/demod/module_fsk_demod.cpp.o
[ 37%] Building CXX object src-core/CMakeFiles/satdump_core.dir/modules/demod/module_pm_demod.cpp.o
[ 37%] Building CXX object src-core/CMakeFiles/satdump_core.dir/modules/demod/module_psk_demod.cpp.o
[ 37%] Building CXX object src-core/CMakeFiles/satdump_core.dir/modules/demod/module_sdpsk_demod.cpp.o
[ 37%] Building CXX object src-core/CMakeFiles/satdump_core.dir/modules/demod/module_xfsk_burst_demod.cpp.o
[ 38%] Building CXX object src-core/CMakeFiles/satdump_core.dir/modules/generic/module_soft2hard.cpp.o
[ 38%] Building CXX object src-core/CMakeFiles/satdump_core.dir/modules/network/module_network_client.cpp.o
[ 38%] Building CXX object src-core/CMakeFiles/satdump_core.dir/modules/network/module_network_server.cpp.o
[ 38%] Building CXX object src-core/CMakeFiles/satdump_core.dir/modules/products/module_products_processor.cpp.o
[ 38%] Building CXX object src-core/CMakeFiles/satdump_core.dir/modules/xrit/module_goesrecv_publisher.cpp.o
[ 38%] Building CXX object src-core/CMakeFiles/satdump_core.dir/modules/xrit/module_s2udp_xrit_cadu_extractor.cpp.o
[ 38%] Building CXX object src-core/CMakeFiles/satdump_core.dir/nlohmann/json_utils.cpp.o
[ 38%] Building CXX object src-core/CMakeFiles/satdump_core.dir/products/dataset.cpp.o
[ 38%] Building CXX object src-core/CMakeFiles/satdump_core.dir/products/image_products.cpp.o
[ 38%] Building CXX object src-core/CMakeFiles/satdump_core.dir/products/processor/image_processor.cpp.o
[ 38%] Building CXX object src-core/CMakeFiles/satdump_core.dir/products/processor/processor.cpp.o
[ 38%] Building CXX object src-core/CMakeFiles/satdump_core.dir/products/processor/radiation_processor.cpp.o
[ 39%] Building CXX object src-core/CMakeFiles/satdump_core.dir/products/processor/scatterometer_processor.cpp.o
[ 39%] Building CXX object src-core/CMakeFiles/satdump_core.dir/products/products.cpp.o
[ 39%] Building CXX object src-core/CMakeFiles/satdump_core.dir/products/radiation_products.cpp.o
[ 39%] Building CXX object src-core/CMakeFiles/satdump_core.dir/products/scatterometer_products.cpp.o
[ 39%] Building CXX object src-core/CMakeFiles/satdump_core.dir/resources.cpp.o
[ 39%] Building CXX object src-core/CMakeFiles/satdump_core.dir/satdump_vars.cpp.o
In file included from /build/SatDump/src-core/products/image_products.cpp:1:
/build/SatDump/src-core/products/image_products.cpp: In member function ‘double satdump::ImageProducts::get_calibrated_value(int, int, int, bool)’:
/build/SatDump/src-core/products/image_products.h:7:35: warning: overflow in conversion from ‘double’ to ‘uint16_t’ {aka ‘short unsigned int’} changes value from ‘-9.9999000000000001e+2’ to ‘0’ [-Woverflow]
    7 | #define CALIBRATION_INVALID_VALUE -999.99
      |                                   ^~~~~~~
/build/SatDump/src-core/products/image_products.cpp:307:24: note: in expansion of macro ‘CALIBRATION_INVALID_VALUE’
  307 |         uint16_t val = CALIBRATION_INVALID_VALUE;
      |                        ^~~~~~~~~~~~~~~~~~~~~~~~~
[ 39%] Linking CXX shared library ../libsatdump_core.so
CMakeFiles/satdump_core.dir/libs/lua/onelua.c.o: In function `os_tmpname':
onelua.c:(.text+0x2e541): warning: the use of `tmpnam' is dangerous, better use `mkstemp'
[ 39%] Built target satdump_core
[ 39%] Building CXX object plugins/fengyun2_support/CMakeFiles/fengyun2_support.dir/fengyun2/svissr/image/svissr_reader.cpp.o
[ 39%] Building CXX object src-cli/CMakeFiles/satdump.dir/autotrack/autotrack.cpp.o
[ 39%] Building CXX object plugins/fengyun4_support/CMakeFiles/fengyun4_support.dir/fy4/data/segmented_decoder.cpp.o
[ 40%] Building CXX object plugins/spacex_support/CMakeFiles/spacex_support.dir/main.cpp.o
[ 40%] Building CXX object plugins/proba_support/CMakeFiles/proba_support.dir/main.cpp.o
[ 42%] Building CXX object plugins/jpss_support/CMakeFiles/jpss_support.dir/jpss/instruments/atms/atms_calibrator.cpp.o
[ 42%] Building CXX object plugins/fengyun3_support/CMakeFiles/fengyun3_support.dir/fengyun3/diff.cpp.o
[ 42%] Building CXX object plugins/gk2a_support/CMakeFiles/gk2a_support.dir/gk2a/data/segmented_decoder.cpp.o
[ 41%] Building CXX object plugins/eos_support/CMakeFiles/eos_support.dir/aqua/instruments/airs/airs_reader.cpp.o
[ 42%] Building CXX object plugins/meteor_support/CMakeFiles/meteor_support.dir/main.cpp.o
[ 42%] Building CXX object plugins/elektro_arktika_support/CMakeFiles/elektro_arktika_support.dir/DecompWT/CACCoder.cpp.o
[ 43%] Building CXX object plugins/goes_support/CMakeFiles/goes_support.dir/goes/grb/data/abi/abi_image_assembler.cpp.o
[ 43%] Building CXX object plugins/fengyun3_support/CMakeFiles/fengyun3_support.dir/fengyun3/instruments/erm/erm_reader.cpp.o
[ 43%] Building CXX object plugins/eos_support/CMakeFiles/eos_support.dir/aqua/instruments/amsu/amsu_a1_reader.cpp.o
[ 43%] Building CXX object plugins/fengyun2_support/CMakeFiles/fengyun2_support.dir/fengyun2/svissr/module_svissr_decoder.cpp.o
[ 43%] Building CXX object plugins/elektro_arktika_support/CMakeFiles/elektro_arktika_support.dir/DecompWT/CACDecoder.cpp.o
[ 43%] Building CXX object plugins/eos_support/CMakeFiles/eos_support.dir/aqua/instruments/amsu/amsu_a2_reader.cpp.o
[ 43%] Building CXX object plugins/fengyun4_support/CMakeFiles/fengyun4_support.dir/fy4/module_fy4_lrit_data_decoder.cpp.o
[ 43%] Building CXX object plugins/gk2a_support/CMakeFiles/gk2a_support.dir/gk2a/key_decryptor.cpp.o
/build/SatDump/plugins/goes_support/goes/grb/data/abi/abi_image_assembler.cpp: In member function ‘void goes::grb::GRBABIImageAssembler::pushBlock(goes::grb::GRBImagePayloadHeader, image::Image&)’:
/build/SatDump/plugins/goes_support/goes/grb/data/abi/abi_image_assembler.cpp:86:49: warning: suggest parentheses around ‘-’ inside ‘<<’ [-Wparentheses]
   86 |                 block.set(i, block.get(i) << 16 - products::ABI::ABI_CHANNEL_PARAMS[abi_product.channel].bit_depth);
      |                                              ~~~^~~~~~~~~~~~~~~~~~~~~~~~~~~~~~~~~~~~~~~~~~~~~~~~~~~~~~~~~~~~~~~~~~
[ 43%] Building CXX object plugins/eos_support/CMakeFiles/eos_support.dir/aqua/instruments/ceres/ceres_reader.cpp.o
[ 43%] Building CXX object plugins/fengyun3_support/CMakeFiles/fengyun3_support.dir/fengyun3/instruments/gas/gas_reader.cpp.o
[ 43%] Building CXX object plugins/elektro_arktika_support/CMakeFiles/elektro_arktika_support.dir/DecompWT/CACModel.cpp.o
[ 43%] Building CXX object plugins/goes_support/CMakeFiles/goes_support.dir/goes/grb/data/abi/abi_image_composer.cpp.o
[ 43%] Building CXX object plugins/fengyun3_support/CMakeFiles/fengyun3_support.dir/fengyun3/instruments/mersi/mersi_reader.cpp.o
[ 44%] Building CXX object plugins/elektro_arktika_support/CMakeFiles/elektro_arktika_support.dir/DecompWT/CBitBuffer.cpp.o
/build/SatDump/plugins/eos_support/aqua/instruments/ceres/ceres_reader.cpp: In member function ‘void aqua::ceres::CERESReader::work(ccsds::CCSDSPacket&)’:
/build/SatDump/plugins/eos_support/aqua/instruments/ceres/ceres_reader.cpp:58:25: warning: unused variable ‘v3’ [-Wunused-variable]
   58 |                 uint8_t v3 = (ptr[5] & 0xF);
      |                         ^~
/build/SatDump/plugins/eos_support/aqua/instruments/ceres/ceres_reader.cpp:59:25: warning: unused variable ‘v4’ [-Wunused-variable]
   59 |                 uint8_t v4 = (ptr[0] >> 4);
      |                         ^~
/build/SatDump/plugins/eos_support/aqua/instruments/ceres/ceres_reader.cpp:67:26: warning: unused variable ‘azimuth’ [-Wunused-variable]
   67 |                 uint16_t azimuth = ptr[8] << 8 | ptr[9];
      |                          ^~~~~~~
[ 44%] Building CXX object plugins/gk2a_support/CMakeFiles/gk2a_support.dir/gk2a/module_gk2a_lrit_data_decoder.cpp.o
[ 44%] Building CXX object plugins/fengyun3_support/CMakeFiles/fengyun3_support.dir/fengyun3/instruments/mersi_histmatch.cpp.o
[ 44%] Building CXX object plugins/eos_support/CMakeFiles/eos_support.dir/aqua/instruments/gbad/gbad_reader.cpp.o
[ 44%] Building CXX object plugins/elektro_arktika_support/CMakeFiles/elektro_arktika_support.dir/DecompWT/CBuffer.cpp.o
[ 44%] Building CXX object plugins/proba_support/CMakeFiles/proba_support.dir/proba/instruments/chris/chris_reader.cpp.o
[ 44%] Building CXX object plugins/spacex_support/CMakeFiles/spacex_support.dir/spacex/deframer.cpp.o
[ 44%] Building CXX object plugins/goes_support/CMakeFiles/goes_support.dir/goes/grb/data/abi/abi_products.cpp.o
[ 44%] Building CXX object plugins/fengyun3_support/CMakeFiles/fengyun3_support.dir/fengyun3/instruments/mersi_offset_interleaved.cpp.o
[ 44%] Building CXX object plugins/spacex_support/CMakeFiles/spacex_support.dir/spacex/demuxer.cpp.o
[ 44%] Building CXX object plugins/elektro_arktika_support/CMakeFiles/elektro_arktika_support.dir/DecompWT/CImage.cpp.o
[ 44%] Building CXX object plugins/spacex_support/CMakeFiles/spacex_support.dir/spacex/falcon_video_encoder.cpp.o
[ 44%] Building CXX object plugins/spacex_support/CMakeFiles/spacex_support.dir/spacex/frame.cpp.o
[ 44%] Building CXX object plugins/fengyun3_support/CMakeFiles/fengyun3_support.dir/fengyun3/instruments/mwhs/mwhs_reader.cpp.o
[ 44%] Building CXX object plugins/fengyun2_support/CMakeFiles/fengyun2_support.dir/fengyun2/svissr/module_svissr_image_decoder.cpp.o
[ 44%] Building CXX object plugins/spacex_support/CMakeFiles/spacex_support.dir/spacex/header.cpp.o
[ 44%] Building CXX object plugins/goes_support/CMakeFiles/goes_support.dir/goes/grb/data/data_processor.cpp.o
/build/SatDump/plugins/jpss_support/jpss/instruments/atms/atms_calibrator.cpp: In member function ‘virtual double jpss::atms::JpssATMSCalibrator::compute(int, int, int, int)’:
/build/SatDump/plugins/jpss_support/jpss/instruments/atms/atms_calibrator.cpp:184:24: warning: ‘tk_rad’ may be used uninitialized in this function [-Wmaybe-uninitialized]
  184 |                 double tk_rad = tk_rad + qterm;
      |                        ^~~~~~
[ 44%] Building CXX object plugins/spacex_support/CMakeFiles/spacex_support.dir/spacex/module_falcon_decoder.cpp.o
[ 44%] Building CXX object plugins/fengyun4_support/CMakeFiles/fengyun4_support.dir/fy4/module_fy4_lrit_data_decoder_proc.cpp.o
[ 44%] Building CXX object plugins/elektro_arktika_support/CMakeFiles/elektro_arktika_support.dir/DecompWT/CVLCCoder.cpp.o
[ 44%] Building CXX object plugins/jpss_support/CMakeFiles/jpss_support.dir/jpss/instruments/atms/atms_reader.cpp.o
[ 44%] Building CXX object plugins/fengyun3_support/CMakeFiles/fengyun3_support.dir/fengyun3/instruments/mwhs2/mwhs2_reader.cpp.o
[ 44%] Building CXX object plugins/elektro_arktika_support/CMakeFiles/elektro_arktika_support.dir/DecompWT/CVLCDecoder.cpp.o
[ 44%] Building CXX object plugins/eos_support/CMakeFiles/eos_support.dir/aqua/module_aqua_db_decoder.cpp.o
[ 45%] Building CXX object plugins/meteor_support/CMakeFiles/meteor_support.dir/meteor/deframer.cpp.o
[ 45%] Building CXX object plugins/fengyun3_support/CMakeFiles/fengyun3_support.dir/fengyun3/instruments/mwri/mwri_reader.cpp.o
[ 45%] Building CXX object plugins/elektro_arktika_support/CMakeFiles/elektro_arktika_support.dir/DecompWT/CWBlock.cpp.o
[ 45%] Building CXX object plugins/meteor_support/CMakeFiles/meteor_support.dir/meteor/deint.cpp.o
[ 45%] Building CXX object plugins/fengyun3_support/CMakeFiles/fengyun3_support.dir/fengyun3/instruments/mwri2/mwri2_reader.cpp.o
[ 45%] Building CXX object plugins/gk2a_support/CMakeFiles/gk2a_support.dir/gk2a/module_gk2a_lrit_data_decoder_proc.cpp.o
[ 45%] Building CXX object plugins/goes_support/CMakeFiles/goes_support.dir/goes/grb/data/glm/glm_parser.cpp.o
[ 45%] Building CXX object plugins/meteor_support/CMakeFiles/meteor_support.dir/meteor/instruments/bism/bism_reader.cpp.o
[ 45%] Building CXX object plugins/fengyun3_support/CMakeFiles/fengyun3_support.dir/fengyun3/instruments/mwrirm/mwrirm_reader.cpp.o
[ 45%] Building CXX object plugins/proba_support/CMakeFiles/proba_support.dir/proba/instruments/crc.cpp.o
[ 45%] Building CXX object plugins/elektro_arktika_support/CMakeFiles/elektro_arktika_support.dir/DecompWT/CWTCoder.cpp.o
[ 45%] Building CXX object plugins/proba_support/CMakeFiles/proba_support.dir/proba/instruments/gps_ascii/gps_ascii.cpp.o
[ 46%] Building CXX object plugins/fengyun3_support/CMakeFiles/fengyun3_support.dir/fengyun3/instruments/mwts/mwts_reader.cpp.o
[ 47%] Building CXX object plugins/spacex_support/CMakeFiles/spacex_support.dir/spacex/module_spacex_decoder.cpp.o
[ 47%] Building CXX object plugins/proba_support/CMakeFiles/proba_support.dir/proba/instruments/hrc/hrc_reader.cpp.o
[ 47%] Building CXX object plugins/fengyun4_support/CMakeFiles/fengyun4_support.dir/main.cpp.o
/build/SatDump/plugins/meteor_support/meteor/instruments/bism/bism_reader.cpp: In member function ‘void meteor::bism::BISMReader::save(std::string)’:
/build/SatDump/plugins/meteor_support/meteor/instruments/bism/bism_reader.cpp:151:43: warning: unused parameter ‘directory’ [-Wunused-parameter]
  151 |         void BISMReader::save(std::string directory)
      |                               ~~~~~~~~~~~~^~~~~~~~~
[ 47%] Building CXX object plugins/eos_support/CMakeFiles/eos_support.dir/aura/instruments/omi/omi_reader.cpp.o
[ 47%] Building CXX object plugins/jpss_support/CMakeFiles/jpss_support.dir/jpss/instruments/att_ephem/att_ephem_reader.cpp.o
[ 47%] Building CXX object plugins/elektro_arktika_support/CMakeFiles/elektro_arktika_support.dir/DecompWT/CWTDecoder.cpp.o
[ 47%] Building CXX object plugins/fengyun2_support/CMakeFiles/fengyun2_support.dir/fengyun2/svissr/svissr_deframer.cpp.o
[ 47%] Building CXX object plugins/fengyun3_support/CMakeFiles/fengyun3_support.dir/fengyun3/instruments/mwts2/mwts2_reader.cpp.o
[ 47%] Building CXX object plugins/eos_support/CMakeFiles/eos_support.dir/eos/instruments/modis/calibrator/modis_calibrator.cpp.o
[ 47%] Building CXX object plugins/proba_support/CMakeFiles/proba_support.dir/proba/instruments/swap/swap_reader.cpp.o
[ 47%] Building CXX object plugins/meteor_support/CMakeFiles/meteor_support.dir/meteor/instruments/msumr/lrpt/huffman.cpp.o
[ 47%] Building CXX object plugins/fengyun2_support/CMakeFiles/fengyun2_support.dir/fengyun2/svissr/svissr_derand.cpp.o
[ 47%] Building CXX object plugins/fengyun2_support/CMakeFiles/fengyun2_support.dir/main.cpp.o
[ 47%] Building CXX object plugins/meteor_support/CMakeFiles/meteor_support.dir/meteor/instruments/msumr/lrpt/idct.cpp.o
[ 47%] Building CXX object plugins/meteor_support/CMakeFiles/meteor_support.dir/meteor/instruments/msumr/lrpt/segment.cpp.o
[ 47%] Building CXX object plugins/fengyun3_support/CMakeFiles/fengyun3_support.dir/fengyun3/instruments/mwts3/mwts3_reader.cpp.o
[ 47%] Building CXX object plugins/elektro_arktika_support/CMakeFiles/elektro_arktika_support.dir/DecompWT/CompressT4.cpp.o
[ 47%] Building CXX object src-cli/CMakeFiles/satdump.dir/autotrack/autotrack_dev.cpp.o
[ 47%] Building CXX object plugins/meteor_support/CMakeFiles/meteor_support.dir/meteor/instruments/msumr/lrpt_msumr_reader.cpp.o
[ 47%] Building CXX object plugins/fengyun3_support/CMakeFiles/fengyun3_support.dir/fengyun3/instruments/pmr/pmr_reader.cpp.o
[ 47%] Building CXX object plugins/elektro_arktika_support/CMakeFiles/elektro_arktika_support.dir/DecompWT/CompressWT.cpp.o
[ 47%] Building C object plugins/gk2a_support/CMakeFiles/gk2a_support.dir/libtom/tomcrypt_des.c.o
[ 47%] Linking CXX shared library ../libfengyun4_support.so
[ 47%] Building CXX object plugins/gk2a_support/CMakeFiles/gk2a_support.dir/main.cpp.o
[ 47%] Built target fengyun4_support
[ 47%] Building CXX object plugins/goes_support/CMakeFiles/goes_support.dir/goes/grb/data/glm/glm_products.cpp.o
[ 47%] Building CXX object plugins/fengyun3_support/CMakeFiles/fengyun3_support.dir/fengyun3/instruments/virr/virr_reader.cpp.o
[ 47%] Building CXX object plugins/jpss_support/CMakeFiles/jpss_support.dir/jpss/instruments/omps/omps_limb_reader.cpp.o
[ 47%] Building CXX object plugins/proba_support/CMakeFiles/proba_support.dir/proba/instruments/vegetation/vegs_reader.cpp.o
[ 47%] Building CXX object plugins/goes_support/CMakeFiles/goes_support.dir/goes/grb/data/payload_assembler.cpp.o
[ 47%] Building CXX object plugins/elektro_arktika_support/CMakeFiles/elektro_arktika_support.dir/DecompWT/ErrorHandling.cpp.o
[ 47%] Building CXX object plugins/eos_support/CMakeFiles/eos_support.dir/eos/instruments/modis/calibrator/modis_calibrator_temps.cpp.o
[ 47%] Linking CXX shared library ../libspacex_support.so
[ 47%] Building CXX object plugins/fengyun3_support/CMakeFiles/fengyun3_support.dir/fengyun3/instruments/virr/virr_to_c10.cpp.o
[ 47%] Building CXX object plugins/proba_support/CMakeFiles/proba_support.dir/proba/module_proba_instruments.cpp.o
[ 47%] Built target spacex_support
[ 47%] Building CXX object src-cli/CMakeFiles/satdump.dir/autotrack/autotrack_main.cpp.o
[ 47%] Building CXX object plugins/meteor_support/CMakeFiles/meteor_support.dir/meteor/instruments/msumr/module_meteor_msumr_lrpt.cpp.o
[ 47%] Building CXX object plugins/jpss_support/CMakeFiles/jpss_support.dir/jpss/instruments/omps/omps_nadir_reader.cpp.o
[ 48%] Building CXX object plugins/elektro_arktika_support/CMakeFiles/elektro_arktika_support.dir/DecompWT/T4Coder.cpp.o
[ 48%] Linking CXX shared library ../libfengyun2_support.so
[ 48%] Built target fengyun2_support
[ 48%] Building CXX object plugins/goes_support/CMakeFiles/goes_support.dir/goes/grb/data/suvi/suvi_image_assembler.cpp.o
[ 48%] Building CXX object plugins/goes_support/CMakeFiles/goes_support.dir/goes/grb/data/suvi/suvi_products.cpp.o
[ 48%] Building CXX object plugins/elektro_arktika_support/CMakeFiles/elektro_arktika_support.dir/DecompWT/T4Codes.cpp.o
[ 48%] Building CXX object plugins/fengyun3_support/CMakeFiles/fengyun3_support.dir/fengyun3/instruments/wai/wai_reader.cpp.o
[ 48%] Building CXX object plugins/jpss_support/CMakeFiles/jpss_support.dir/jpss/instruments/viirs/channel_reader.cpp.o
[ 48%] Building CXX object plugins/goes_support/CMakeFiles/goes_support.dir/goes/grb/module_goes_grb_cadu_extractor.cpp.o
[ 48%] Building CXX object plugins/eos_support/CMakeFiles/eos_support.dir/eos/instruments/modis/calibrator/modis_calibrator_utils.cpp.o
[ 48%] Building CXX object plugins/fengyun3_support/CMakeFiles/fengyun3_support.dir/fengyun3/instruments/windrad/windrad_reader.cpp.o
[ 48%] Building CXX object plugins/elektro_arktika_support/CMakeFiles/elektro_arktika_support.dir/DecompWT/T4Decoder.cpp.o
[ 48%] Linking CXX shared library ../libgk2a_support.so
[ 48%] Building CXX object plugins/noaa_metop_support/CMakeFiles/noaa_metop_support.dir/instruments/amsu/amsu_reader.cpp.o
[ 48%] Built target gk2a_support
[ 48%] Building CXX object plugins/jpss_support/CMakeFiles/jpss_support.dir/jpss/module_jpss_instruments.cpp.o
[ 48%] Building CXX object src-cli/CMakeFiles/satdump.dir/autotrack/autotrack_proc.cpp.o
[ 48%] Building CXX object plugins/elektro_arktika_support/CMakeFiles/elektro_arktika_support.dir/elektro_arktika/instruments/msugs/module_msugs.cpp.o
[ 48%] Building CXX object plugins/fengyun3_support/CMakeFiles/fengyun3_support.dir/fengyun3/instruments/xeuvi/xeuvi_reader.cpp.o
[ 48%] Building CXX object plugins/fengyun3_support/CMakeFiles/fengyun3_support.dir/fengyun3/module_fengyun_ahrpt_decoder.cpp.o
[ 48%] Building CXX object plugins/meteor_support/CMakeFiles/meteor_support.dir/meteor/instruments/msumr/msumr_reader.cpp.o
[ 48%] Building CXX object plugins/eos_support/CMakeFiles/eos_support.dir/eos/instruments/modis/modis_histmatch.cpp.o
[ 48%] Building CXX object plugins/goes_support/CMakeFiles/goes_support.dir/goes/grb/module_goes_grb_data_decoder.cpp.o
[ 48%] Linking CXX shared library ../libproba_support.so
[ 48%] Built target proba_support
[ 48%] Building CXX object plugins/noaa_metop_support/CMakeFiles/noaa_metop_support.dir/instruments/avhrr/avhrr_reader.cpp.o
[ 48%] Building CXX object plugins/eos_support/CMakeFiles/eos_support.dir/eos/instruments/modis/modis_reader.cpp.o
[ 48%] Building CXX object plugins/elektro_arktika_support/CMakeFiles/elektro_arktika_support.dir/elektro_arktika/instruments/msugs/msu_ir_reader.cpp.o
[ 48%] Building CXX object src-cli/CMakeFiles/satdump.dir/autotrack/autotrack_vfo.cpp.o
[ 48%] Building CXX object plugins/meteor_support/CMakeFiles/meteor_support.dir/meteor/instruments/mtvza/mtvza_reader.cpp.o
[ 48%] Building CXX object plugins/noaa_metop_support/CMakeFiles/noaa_metop_support.dir/instruments/mhs/mhs_reader.cpp.o
[ 48%] Building CXX object plugins/meteor_support/CMakeFiles/meteor_support.dir/meteor/meteor_rec_deframer.cpp.o
[ 48%] Building CXX object plugins/elektro_arktika_support/CMakeFiles/elektro_arktika_support.dir/elektro_arktika/instruments/msugs/msu_vis_reader.cpp.o
[ 49%] Building CXX object plugins/jpss_support/CMakeFiles/jpss_support.dir/main.cpp.o
[ 49%] Building CXX object plugins/elektro_arktika_support/CMakeFiles/elektro_arktika_support.dir/elektro_arktika/lrit/data/segmented_decoder.cpp.o
[ 50%] Building CXX object plugins/eos_support/CMakeFiles/eos_support.dir/eos/module_eos_instruments.cpp.o
[ 50%] Building CXX object plugins/elektro_arktika_support/CMakeFiles/elektro_arktika_support.dir/elektro_arktika/lrit/module_elektro_lrit_data_decoder.cpp.o
[ 50%] Building CXX object plugins/fengyun3_support/CMakeFiles/fengyun3_support.dir/fengyun3/module_fengyun_mpt_decoder.cpp.o
[ 50%] Building CXX object plugins/meteor_support/CMakeFiles/meteor_support.dir/meteor/module_meteor_hrpt_decoder.cpp.o
[ 50%] Building CXX object plugins/goes_support/CMakeFiles/goes_support.dir/goes/gvar/gvar_deframer.cpp.o
[ 51%] Building CXX object plugins/goes_support/CMakeFiles/goes_support.dir/goes/gvar/gvar_derand.cpp.o
[ 51%] Building CXX object src-cli/CMakeFiles/satdump.dir/autotrack/autotrack_web.cpp.o
[ 51%] Building CXX object plugins/goes_support/CMakeFiles/goes_support.dir/goes/gvar/image/crop.cpp.o
[ 51%] Building CXX object plugins/dmsp_support/CMakeFiles/dmsp_support.dir/dmsp/dmsp_deframer.cpp.o
[ 51%] Building CXX object plugins/dmsp_support/CMakeFiles/dmsp_support.dir/dmsp/instruments/ols/ols_rtd_reader.cpp.o
[ 51%] Building CXX object plugins/eos_support/CMakeFiles/eos_support.dir/main.cpp.o
[ 51%] Building CXX object plugins/goes_support/CMakeFiles/goes_support.dir/goes/gvar/image/infrared1_reader.cpp.o
[ 51%] Building CXX object plugins/dmsp_support/CMakeFiles/dmsp_support.dir/dmsp/module_dmsp_rtd_decoder.cpp.o
[ 51%] Building CXX object plugins/goes_support/CMakeFiles/goes_support.dir/goes/gvar/image/infrared2_reader.cpp.o
[ 51%] Building CXX object plugins/goes_support/CMakeFiles/goes_support.dir/goes/gvar/image/sounder_reader.cpp.o
[ 51%] Building CXX object plugins/fengyun3_support/CMakeFiles/fengyun3_support.dir/fengyun3/module_fy3_instruments.cpp.o
[ 51%] Building CXX object plugins/goes_support/CMakeFiles/goes_support.dir/goes/gvar/image/visible_reader.cpp.o
[ 51%] Building CXX object plugins/goes_support/CMakeFiles/goes_support.dir/goes/gvar/module_gvar_decoder.cpp.o
[ 52%] Building CXX object plugins/meteor_support/CMakeFiles/meteor_support.dir/meteor/module_meteor_instruments.cpp.o
[ 52%] Building CXX object plugins/elektro_arktika_support/CMakeFiles/elektro_arktika_support.dir/elektro_arktika/lrit/module_elektro_lrit_data_decoder_proc.cpp.o
[ 52%] Building CXX object plugins/noaa_metop_support/CMakeFiles/noaa_metop_support.dir/main.cpp.o
[ 52%] Building CXX object plugins/noaa_metop_support/CMakeFiles/noaa_metop_support.dir/metop/instruments/admin_msg/admin_msg_reader.cpp.o
[ 52%] Building CXX object plugins/dmsp_support/CMakeFiles/dmsp_support.dir/dmsp/module_dmsp_rtd_instruments.cpp.o
[ 52%] Building CXX object plugins/goes_support/CMakeFiles/goes_support.dir/goes/gvar/module_gvar_image_decoder.cpp.o
[ 52%] Linking CXX shared library ../libjpss_support.so
[ 52%] Built target jpss_support
[ 52%] Building CXX object plugins/eos_support/CMakeFiles/eos_support.dir/terra/module_terra_db_demod.cpp.o
[ 52%] Building CXX object src-cli/CMakeFiles/satdump.dir/live.cpp.o
[ 53%] Building CXX object src-cli/CMakeFiles/satdump.dir/main.cpp.o
[ 53%] Building CXX object plugins/elektro_arktika_support/CMakeFiles/elektro_arktika_support.dir/main.cpp.o
[ 54%] Building CXX object plugins/fengyun3_support/CMakeFiles/fengyun3_support.dir/main.cpp.o
[ 54%] Building CXX object src-cli/CMakeFiles/satdump.dir/offline.cpp.o
[ 54%] Building CXX object plugins/noaa_metop_support/CMakeFiles/noaa_metop_support.dir/metop/instruments/ascat/ascat_reader.cpp.o
[ 54%] Building CXX object plugins/noaa_metop_support/CMakeFiles/noaa_metop_support.dir/metop/instruments/avhrr/avhrr_to_hpt.cpp.o
[ 54%] Building CXX object plugins/goes_support/CMakeFiles/goes_support.dir/goes/hrit/data/segmented_decoder.cpp.o
[ 54%] Building CXX object plugins/dmsp_support/CMakeFiles/dmsp_support.dir/main.cpp.o
[ 54%] Building CXX object plugins/jason3_support/CMakeFiles/jason3_support.dir/jason3/instruments/amr2/amr2_reader.cpp.o
[ 54%] Linking CXX shared library ../libeos_support.so
[ 54%] Building CXX object plugins/meteor_support/CMakeFiles/meteor_support.dir/meteor/module_meteor_lrpt_decoder.cpp.o
[ 54%] Built target eos_support
[ 54%] Building CXX object src-cli/CMakeFiles/satdump.dir/project/project.cpp.o
[ 54%] Building CXX object plugins/noaa_metop_support/CMakeFiles/noaa_metop_support.dir/metop/instruments/gome/gome_reader.cpp.o
[ 54%] Building CXX object plugins/jason3_support/CMakeFiles/jason3_support.dir/jason3/instruments/lpt/lpt_reader.cpp.o
[ 54%] Building CXX object plugins/noaa_metop_support/CMakeFiles/noaa_metop_support.dir/metop/instruments/iasi/iasi_imaging_reader.cpp.o
[ 54%] Building CXX object plugins/aim_support/CMakeFiles/aim_support.dir/aim/instruments/cips/cips_reader.cpp.o
[ 54%] Linking CXX shared library ../libfengyun3_support.so
[ 54%] Built target fengyun3_support
[ 54%] Building CXX object src-cli/CMakeFiles/satdump.dir/record.cpp.o
[ 55%] Building CXX object plugins/jason3_support/CMakeFiles/jason3_support.dir/jason3/instruments/poseidon/poseidon_reader.cpp.o
[ 55%] Building CXX object plugins/goes_support/CMakeFiles/goes_support.dir/goes/hrit/dcs/dcs_decoder.cpp.o
[ 55%] Building CXX object plugins/aim_support/CMakeFiles/aim_support.dir/aim/module_aim_instruments.cpp.o
[ 55%] Building CXX object plugins/jason3_support/CMakeFiles/jason3_support.dir/jason3/module_jason3_instruments.cpp.o
[ 55%] Building CXX object plugins/meteor_support/CMakeFiles/meteor_support.dir/meteor/module_meteor_qpsk_kmss_decoder.cpp.o
[ 55%] Building CXX object src-cli/CMakeFiles/satdump.dir/sdr_probe.cpp.o
[ 55%] Linking CXX shared library ../libdmsp_support.so
[ 55%] Built target dmsp_support
[ 55%] Building CXX object plugins/wsf_support/CMakeFiles/wsf_support.dir/main.cpp.o
[ 55%] Linking CXX shared library ../libelektro_arktika_support.so
[ 55%] Built target elektro_arktika_support
[ 55%] Building CXX object plugins/aim_support/CMakeFiles/aim_support.dir/main.cpp.o
[ 56%] Building CXX object plugins/noaa_metop_support/CMakeFiles/noaa_metop_support.dir/metop/instruments/iasi/iasi_reader.cpp.o
[ 56%] Building CXX object plugins/noaa_metop_support/CMakeFiles/noaa_metop_support.dir/metop/instruments/sem/sem_reader.cpp.o
[ 56%] Building CXX object plugins/jason3_support/CMakeFiles/jason3_support.dir/main.cpp.o
[ 56%] Building CXX object plugins/meteor_support/CMakeFiles/meteor_support.dir/meteor/module_meteor_xband_decoder.cpp.o
[ 56%] Building CXX object plugins/goes_support/CMakeFiles/goes_support.dir/goes/hrit/dcs/dcs_settings.cpp.o
[ 56%] Building CXX object plugins/wsf_support/CMakeFiles/wsf_support.dir/wsfm/instruments/mwi/mwi_reader.cpp.o
[ 56%] Building CXX object plugins/aws_support/CMakeFiles/aws_support.dir/aws/instruments/navatt/navatt_reader.cpp.o
[ 56%] Building CXX object plugins/noaa_metop_support/CMakeFiles/noaa_metop_support.dir/metop/module_metop_ahrpt_decoder.cpp.o
[ 56%] Building CXX object src-cli/CMakeFiles/satdump.dir/webserver.cpp.o
[ 56%] Building CXX object plugins/wsf_support/CMakeFiles/wsf_support.dir/wsfm/module_wsfm_instruments.cpp.o
In file included from /build/SatDump/plugins/meteor_support/meteor/module_meteor_qpsk_kmss_decoder.cpp:9:
/build/SatDump/plugins/../src-core/common/codings/soft_reader.h: In member function ‘virtual void meteor::MeteorQPSKKmssDecoderModule::process()’:
/build/SatDump/plugins/../src-core/common/codings/soft_reader.h:51:67: warning: ‘soft_reader.SoftSymbolReader::tmp_hard_buff’ may be used uninitialized in this function [-Wmaybe-uninitialized]
   51 |                 uint8_t bit = (tmp_hard_buff[tmp_hard_buff_pos / 8] >> (7 - (tmp_hard_buff_pos % 8))) & 1;
      |                                                                   ^
/build/SatDump/plugins/meteor_support/meteor/module_meteor_qpsk_kmss_decoder.cpp:162:26: note: ‘soft_reader.SoftSymbolReader::tmp_hard_buff’ was declared here
  162 |         SoftSymbolReader soft_reader(data_in, input_fifo, input_data_type, d_parameters);
      |                          ^~~~~~~~~~~
[ 57%] Building CXX object plugins/goes_support/CMakeFiles/goes_support.dir/goes/hrit/module_goes_lrit_data_decoder.cpp.o
[ 57%] Linking CXX shared library ../libaim_support.so
[ 57%] Built target aim_support
[ 57%] Building CXX object plugins/meteor_support/CMakeFiles/meteor_support.dir/meteor/module_meteor_xband_instruments.cpp.o
[ 57%] Building CXX object plugins/aws_support/CMakeFiles/aws_support.dir/aws/instruments/sterna/sterna_reader.cpp.o
[ 57%] Building CXX object plugins/noaa_metop_support/CMakeFiles/noaa_metop_support.dir/metop/module_metop_dump_decoder.cpp.o
[ 57%] Building CXX object plugins/aws_support/CMakeFiles/aws_support.dir/aws/module_aws_instruments.cpp.o
[ 57%] Linking CXX shared library ../libjason3_support.so
[ 57%] Built target jason3_support
[ 57%] Building CXX object plugins/noaa_metop_support/CMakeFiles/noaa_metop_support.dir/metop/module_metop_instruments.cpp.o
[ 57%] Linking CXX executable ../satdump
[ 57%] Built target satdump
[ 57%] Building CXX object plugins/goes_support/CMakeFiles/goes_support.dir/goes/hrit/module_goes_lrit_data_decoder_proc.cpp.o
[ 57%] Building CXX object plugins/aws_support/CMakeFiles/aws_support.dir/main.cpp.o
In file included from /build/SatDump/plugins/meteor_support/meteor/module_meteor_xband_decoder.cpp:9:
/build/SatDump/plugins/../src-core/common/codings/soft_reader.h: In member function ‘virtual void meteor::MeteorXBandDecoderModule::process()’:
/build/SatDump/plugins/../src-core/common/codings/soft_reader.h:51:67: warning: ‘soft_reader.SoftSymbolReader::tmp_hard_buff’ may be used uninitialized in this function [-Wmaybe-uninitialized]
   51 |                 uint8_t bit = (tmp_hard_buff[tmp_hard_buff_pos / 8] >> (7 - (tmp_hard_buff_pos % 8))) & 1;
      |                                                                   ^
/build/SatDump/plugins/meteor_support/meteor/module_meteor_xband_decoder.cpp:85:26: note: ‘soft_reader.SoftSymbolReader::tmp_hard_buff’ was declared here
   85 |         SoftSymbolReader soft_reader(data_in, input_fifo, input_data_type, d_parameters);
      |                          ^~~~~~~~~~~
[ 57%] Building CXX object plugins/noaa_metop_support/CMakeFiles/noaa_metop_support.dir/noaa/contains.cpp.o
[ 57%] Building CXX object plugins/goes_support/CMakeFiles/goes_support.dir/goes/mdl/module_goes_mdl_decoder.cpp.o
[ 57%] Building CXX object plugins/mats_support/CMakeFiles/mats_support.dir/main.cpp.o
[ 57%] Building CXX object plugins/goes_support/CMakeFiles/goes_support.dir/goes/raw/instruments/suvi/suvi_reader.cpp.o
[ 57%] Building CXX object plugins/hinode_support/CMakeFiles/hinode_support.dir/hinode/instruments/common.cpp.o
[ 57%] Building CXX object plugins/mats_support/CMakeFiles/mats_support.dir/mats/instruments/mats/mats_reader.cpp.o
[ 58%] Linking CXX shared library ../libwsf_support.so
[ 58%] Built target wsf_support
[ 58%] Building CXX object plugins/oceansat_support/CMakeFiles/oceansat_support.dir/main.cpp.o
[ 58%] Building CXX object plugins/hinode_support/CMakeFiles/hinode_support.dir/hinode/instruments/dct_dcpm.cpp.o
[ 58%] Building CXX object plugins/goes_support/CMakeFiles/goes_support.dir/goes/raw/module_goesr_instruments.cpp.o
[ 58%] Building CXX object plugins/noaa_metop_support/CMakeFiles/noaa_metop_support.dir/noaa/dsb_deframer.cpp.o
[ 58%] Building CXX object plugins/mats_support/CMakeFiles/mats_support.dir/mats/module_mats_instruments.cpp.o
[ 58%] Building CXX object plugins/landsat_support/CMakeFiles/landsat_support.dir/ldcm/instruments/tirs/tirs_reader.cpp.o
[ 58%] Building CXX object plugins/oceansat_support/CMakeFiles/oceansat_support.dir/oceansat/instruments/ocm/module_oceansat_ocm.cpp.o
[ 58%] Linking CXX shared library ../libmeteor_support.so
[ 58%] Built target meteor_support
[ 58%] Building CXX object plugins/goes_support/CMakeFiles/goes_support.dir/goes/sd/module_goesn_sd_decoder.cpp.o
[ 58%] Building CXX object plugins/noaa_metop_support/CMakeFiles/noaa_metop_support.dir/noaa/instruments/hirs/hirs_reader.cpp.o
[ 58%] Building CXX object plugins/landsat_support/CMakeFiles/landsat_support.dir/ldcm/module_ldcm_instruments.cpp.o
[ 58%] Building CXX object plugins/hinode_support/CMakeFiles/hinode_support.dir/hinode/instruments/utils.cpp.o
[ 58%] Linking CXX shared library ../libaws_support.so
[ 59%] Building CXX object plugins/himawari_support/CMakeFiles/himawari_support.dir/himawaricast/module_himawaricast_data_decoder.cpp.o
[ 59%] Built target aws_support
[ 59%] Building CXX object plugins/noaa_metop_support/CMakeFiles/noaa_metop_support.dir/noaa/instruments/sem/sem_reader.cpp.o
[ 59%] Building CXX object plugins/hinode_support/CMakeFiles/hinode_support.dir/hinode/module_hinode_instruments.cpp.o
[ 59%] Building CXX object plugins/goes_support/CMakeFiles/goes_support.dir/goes/sd/module_sd_image_decoder.cpp.o
[ 59%] Building CXX object plugins/oceansat_support/CMakeFiles/oceansat_support.dir/oceansat/instruments/ocm/ocm_reader.cpp.o
[ 59%] Building CXX object plugins/himawari_support/CMakeFiles/himawari_support.dir/main.cpp.o
[ 60%] Building CXX object plugins/geonetcast_support/CMakeFiles/geonetcast_support.dir/geonetcast/goes_abi.cpp.o
[ 60%] Building CXX object plugins/geonetcast_support/CMakeFiles/geonetcast_support.dir/geonetcast/module_geonetcast_decoder.cpp.o
[ 60%] Building CXX object plugins/noaa_metop_support/CMakeFiles/noaa_metop_support.dir/noaa/instruments/telemetry/telemetry_reader.cpp.o
[ 60%] Building CXX object plugins/goes_support/CMakeFiles/goes_support.dir/goes/sd/sd_deframer.cpp.o
[ 60%] Building CXX object plugins/oceansat_support/CMakeFiles/oceansat_support.dir/oceansat/module_oceansat2_db_decoder.cpp.o
[ 60%] Building CXX object plugins/bluewalker3_support/CMakeFiles/bluewalker3_support.dir/main.cpp.o
[ 60%] Building CXX object plugins/geonetcast_support/CMakeFiles/geonetcast_support.dir/main.cpp.o
[ 60%] Building CXX object plugins/oceansat_support/CMakeFiles/oceansat_support.dir/oceansat/oceansat2_deframer.cpp.o
[ 60%] Linking CXX shared library ../libmats_support.so
[ 60%] Built target mats_support
[ 60%] Building CXX object plugins/hinode_support/CMakeFiles/hinode_support.dir/main.cpp.o
[ 60%] Building CXX object plugins/goes_support/CMakeFiles/goes_support.dir/goes/sd/sd_imager_reader.cpp.o
[ 60%] Building CXX object plugins/goes_support/CMakeFiles/goes_support.dir/main.cpp.o
[ 60%] Building CXX object plugins/noaa_metop_support/CMakeFiles/noaa_metop_support.dir/noaa/module_noaa_dsb_decoder.cpp.o
[ 60%] Building CXX object plugins/landsat_support/CMakeFiles/landsat_support.dir/main.cpp.o
[ 60%] Building CXX object plugins/analog_support/CMakeFiles/analog_support.dir/generic/analog_am_demod.cpp.o
[ 60%] Building CXX object plugins/oceansat_support/CMakeFiles/oceansat_support.dir/oceansat/oceansat2_derand.cpp.o
[ 60%] Building CXX object plugins/bluewalker3_support/CMakeFiles/bluewalker3_support.dir/module_bw3_decoder.cpp.o
[ 60%] Building CXX object plugins/noaa_metop_support/CMakeFiles/noaa_metop_support.dir/noaa/module_noaa_gac_decoder.cpp.o
[ 60%] Linking CXX shared library ../libhimawari_support.so
[ 60%] Building CXX object plugins/orbcomm_support/CMakeFiles/orbcomm_support.dir/main.cpp.o
[ 60%] Linking CXX shared library ../liboceansat_support.so
[ 60%] Built target himawari_support
[ 60%] Building CXX object plugins/gcom_support/CMakeFiles/gcom_support.dir/gcom1/instruments/amsr2/amsr2_reader.cpp.o
[ 60%] Linking CXX shared library ../libhinode_support.so
[ 60%] Built target oceansat_support
[ 61%] Building CXX object plugins/noaa_metop_support/CMakeFiles/noaa_metop_support.dir/noaa/module_noaa_hrpt_decoder.cpp.o
[ 61%] Built target hinode_support
[ 61%] Building CXX object plugins/orbcomm_support/CMakeFiles/orbcomm_support.dir/orbcomm/module_orbcomm_plotter.cpp.o
[ 61%] Building CXX object plugins/gcom_support/CMakeFiles/gcom_support.dir/gcom1/module_gcom1_instruments.cpp.o
[ 61%] Building CXX object plugins/analog_support/CMakeFiles/analog_support.dir/generic/analog_nfm_demod.cpp.o
[ 61%] Linking CXX shared library ../liblandsat_support.so
[ 61%] Building CXX object plugins/tubsat_support/CMakeFiles/tubsat_support.dir/main.cpp.o
[ 61%] Built target landsat_support
[ 61%] Building CXX object plugins/orbcomm_support/CMakeFiles/orbcomm_support.dir/orbcomm/module_orbcomm_stx_auto_demod.cpp.o
[ 61%] Building CXX object plugins/gcom_support/CMakeFiles/gcom_support.dir/main.cpp.o
[ 61%] Linking CXX shared library ../libgeonetcast_support.so
[ 61%] Built target geonetcast_support
[ 61%] Building CXX object plugins/noaa_metop_support/CMakeFiles/noaa_metop_support.dir/noaa/module_noaa_instruments.cpp.o
[ 61%] Building CXX object plugins/orbcomm_support/CMakeFiles/orbcomm_support.dir/orbcomm/module_orbcomm_stx_demod.cpp.o
[ 61%] Building CXX object plugins/analog_support/CMakeFiles/analog_support.dir/generic/analog_ssb_demod.cpp.o
[ 61%] Linking CXX shared library ../libbluewalker3_support.so
[ 61%] Building CXX object plugins/umka_support/CMakeFiles/umka_support.dir/main.cpp.o
[ 61%] Built target bluewalker3_support
[ 61%] Building CXX object plugins/tubsat_support/CMakeFiles/tubsat_support.dir/png_fix.cpp.o
[ 61%] Building CXX object plugins/analog_support/CMakeFiles/analog_support.dir/generic/module_generic_analog_demod.cpp.o
[ 61%] Building CXX object plugins/noaa_metop_support/CMakeFiles/noaa_metop_support.dir/noaa/noaa_deframer.cpp.o
[ 61%] Building CXX object plugins/umka_support/CMakeFiles/umka_support.dir/umka/module_umka1_decoder.cpp.o
[ 61%] Building CXX object plugins/dscovr_support/CMakeFiles/dscovr_support.dir/dscovr/instruments/epic/epic_reader.cpp.o
[ 61%] Building CXX object plugins/analog_support/CMakeFiles/analog_support.dir/main.cpp.o
[ 61%] Building CXX object plugins/tubsat_support/CMakeFiles/tubsat_support.dir/tubin/module_tubin_decoder.cpp.o
[ 61%] Building CXX object plugins/stereo_support/CMakeFiles/stereo_support.dir/main.cpp.o
[ 61%] Linking CXX shared library ../libgcom_support.so
[ 61%] Built target gcom_support
[ 61%] Building CXX object plugins/dscovr_support/CMakeFiles/dscovr_support.dir/dscovr/module_dscovr_instruments.cpp.o
[ 61%] Building CXX object plugins/orbcomm_support/CMakeFiles/orbcomm_support.dir/orbcomm/stx_deframer.cpp.o
[ 61%] Building CXX object plugins/analog_support/CMakeFiles/analog_support.dir/noaa_apt/module_noaa_apt_decoder.cpp.o
[ 61%] Linking CXX shared library ../libgoes_support.so
[ 61%] Built target goes_support
[ 61%] Building CXX object plugins/inmarsat_support/CMakeFiles/inmarsat_support.dir/aero/acars_parser.cpp.o
[ 61%] Building CXX object plugins/dscovr_support/CMakeFiles/dscovr_support.dir/main.cpp.o
[ 61%] Building CXX object plugins/analog_support/CMakeFiles/analog_support.dir/noaa_apt/module_noaa_apt_demod.cpp.o
[ 61%] Building CXX object plugins/orbcomm_support/CMakeFiles/orbcomm_support.dir/orbcomm/stx_demod_hier.cpp.o
[ 61%] Building CXX object plugins/stereo_support/CMakeFiles/stereo_support.dir/stereo/instruments/secchi/rice_decomp.cpp.o
[ 61%] Linking CXX shared library ../libumka_support.so
[ 61%] Built target umka_support
[ 61%] Building CXX object plugins/cubesat_support/CMakeFiles/cubesat_support.dir/common/module_ax25_decoder.cpp.o
[ 62%] Building CXX object plugins/analog_support/CMakeFiles/analog_support.dir/noaa_apt/noise_reduction.cpp.o
[ 62%] Building CXX object plugins/stereo_support/CMakeFiles/stereo_support.dir/stereo/instruments/secchi/secchi_reader.cpp.o
[ 62%] Building CXX object plugins/inmarsat_support/CMakeFiles/inmarsat_support.dir/aero/decode_utils.cpp.o
[ 63%] Linking CXX shared library ../libdscovr_support.so
[ 63%] Built target dscovr_support
[ 63%] Building CXX object plugins/cubesat_support/CMakeFiles/cubesat_support.dir/common/scrambling.cpp.o
[ 63%] Building CXX object plugins/cubesat_support/CMakeFiles/cubesat_support.dir/geoscan/module_geoscan_data_decoder.cpp.o
[ 63%] Building C object plugins/inmarsat_support/CMakeFiles/inmarsat_support.dir/aero/libacars/acars.c.o
[ 63%] Linking CXX shared library ../liborbcomm_support.so
[ 63%] Building CXX object plugins/stereo_support/CMakeFiles/stereo_support.dir/stereo/module_stereo_instruments.cpp.o
[ 63%] Building CXX object plugins/cubesat_support/CMakeFiles/cubesat_support.dir/geoscan/module_geoscan_decoder.cpp.o
[ 63%] Built target orbcomm_support
[ 64%] Building C object plugins/inmarsat_support/CMakeFiles/inmarsat_support.dir/aero/libacars/adsc.c.o
[ 64%] Building C object plugins/inmarsat_support/CMakeFiles/inmarsat_support.dir/aero/libacars/arinc.c.o
[ 64%] Linking CXX shared library ../libtubsat_support.so
[ 64%] Building CXX object plugins/others_support/CMakeFiles/others_support.dir/angels/argos/module_angels_argos.cpp.o
[ 64%] Built target tubsat_support
[ 64%] Building CXX object plugins/cubesat_support/CMakeFiles/cubesat_support.dir/lucky7/module_lucky7_decoder.cpp.o
[ 64%] Building C object plugins/inmarsat_support/CMakeFiles/inmarsat_support.dir/aero/libacars/asn1-format-common.c.o
[ 64%] Building C object plugins/inmarsat_support/CMakeFiles/inmarsat_support.dir/aero/libacars/asn1-format-cpdlc-json.c.o
[ 65%] Building C object plugins/official_products_support/CMakeFiles/official_products_support.dir/fcidecomp/H5Zjpegls.c.o
[ 65%] Building C object plugins/inmarsat_support/CMakeFiles/inmarsat_support.dir/aero/libacars/asn1-format-cpdlc-text.c.o
[ 65%] Building CXX object plugins/official_products_support/CMakeFiles/official_products_support.dir/fcidecomp/charls/charls_jpegls_decoder.cpp.o
[ 65%] Building CXX object plugins/cubesat_support/CMakeFiles/cubesat_support.dir/lucky7/module_lucky7_demod.cpp.o
[ 65%] Building C object plugins/inmarsat_support/CMakeFiles/inmarsat_support.dir/aero/libacars/asn1-util.c.o
[ 65%] Linking CXX shared library ../libnoaa_metop_support.so
[ 65%] Building C object plugins/inmarsat_support/CMakeFiles/inmarsat_support.dir/aero/libacars/asn1/BIT_STRING.c.o
[ 65%] Built target noaa_metop_support
[ 65%] Building CXX object plugins/dvb_support/CMakeFiles/dvb_support.dir/codings/dvb-s2/bbframe_bch.cpp.o
[ 65%] Building C object plugins/inmarsat_support/CMakeFiles/inmarsat_support.dir/aero/libacars/asn1/BOOLEAN.c.o
[ 65%] Building C object plugins/inmarsat_support/CMakeFiles/inmarsat_support.dir/aero/libacars/asn1/FANSATCDownlinkMessage.c.o
[ 65%] Building C object plugins/inmarsat_support/CMakeFiles/inmarsat_support.dir/aero/libacars/asn1/FANSATCDownlinkMsgElementId.c.o
[ 65%] Building C object plugins/inmarsat_support/CMakeFiles/inmarsat_support.dir/aero/libacars/asn1/FANSATCDownlinkMsgElementIdSequence.c.o
[ 65%] Building CXX object plugins/official_products_support/CMakeFiles/official_products_support.dir/fcidecomp/charls/charls_jpegls_encoder.cpp.o
[ 66%] Building C object plugins/inmarsat_support/CMakeFiles/inmarsat_support.dir/aero/libacars/asn1/FANSATCMessageHeader.c.o
[ 66%] Building C object plugins/inmarsat_support/CMakeFiles/inmarsat_support.dir/aero/libacars/asn1/FANSATCUplinkMessage.c.o
[ 66%] Building CXX object plugins/others_support/CMakeFiles/others_support.dir/cloudsat/instruments/cpr/cpr_reader.cpp.o
[ 66%] Building C object plugins/inmarsat_support/CMakeFiles/inmarsat_support.dir/aero/libacars/asn1/FANSATCUplinkMsgElementId.c.o
[ 66%] Building C object plugins/inmarsat_support/CMakeFiles/inmarsat_support.dir/aero/libacars/asn1/FANSATCUplinkMsgElementIdSequence.c.o
[ 66%] Building C object plugins/inmarsat_support/CMakeFiles/inmarsat_support.dir/aero/libacars/asn1/FANSATISCode.c.o
[ 66%] Building CXX object plugins/cluster_support/CMakeFiles/cluster_support.dir/cluster/instruments/wbd_decoder.cpp.o
[ 66%] Building C object plugins/inmarsat_support/CMakeFiles/inmarsat_support.dir/aero/libacars/asn1/FANSATWAlongTrackWaypoint.c.o
[ 66%] Building C object plugins/inmarsat_support/CMakeFiles/inmarsat_support.dir/aero/libacars/asn1/FANSATWAlongTrackWaypointSequence.c.o
[ 66%] Building C object plugins/inmarsat_support/CMakeFiles/inmarsat_support.dir/aero/libacars/asn1/FANSATWAltitude.c.o
[ 66%] Building C object plugins/inmarsat_support/CMakeFiles/inmarsat_support.dir/aero/libacars/asn1/FANSATWAltitudeSequence.c.o
[ 66%] Building CXX object plugins/dvb_support/CMakeFiles/dvb_support.dir/codings/dvb-s2/bbframe_descramble.cpp.o
[ 67%] Building CXX object plugins/cluster_support/CMakeFiles/cluster_support.dir/cluster/module_cluster_instruments.cpp.o
[ 67%] Building C object plugins/inmarsat_support/CMakeFiles/inmarsat_support.dir/aero/libacars/asn1/FANSATWAltitudeTolerance.c.o
[ 67%] Building CXX object plugins/official_products_support/CMakeFiles/official_products_support.dir/fcidecomp/charls/jpeg_stream_reader.cpp.o
[ 67%] Building C object plugins/inmarsat_support/CMakeFiles/inmarsat_support.dir/aero/libacars/asn1/FANSATWDistance.c.o
[ 68%] Building C object plugins/inmarsat_support/CMakeFiles/inmarsat_support.dir/aero/libacars/asn1/FANSATWDistanceTolerance.c.o
[ 68%] Building CXX object plugins/meteosat_support/CMakeFiles/meteosat_support.dir/main.cpp.o
[ 68%] Building C object plugins/inmarsat_support/CMakeFiles/inmarsat_support.dir/aero/libacars/asn1/FANSAircraftEquipmentCode.c.o
[ 68%] Building C object plugins/inmarsat_support/CMakeFiles/inmarsat_support.dir/aero/libacars/asn1/FANSAircraftFlightIdentification.c.o
[ 68%] Building C object plugins/inmarsat_support/CMakeFiles/inmarsat_support.dir/aero/libacars/asn1/FANSAircraftType.c.o
[ 68%] Building CXX object plugins/dvb_support/CMakeFiles/dvb_support.dir/codings/dvb-s2/bbframe_ldpc.cpp.o
[ 68%] Building C object plugins/inmarsat_support/CMakeFiles/inmarsat_support.dir/aero/libacars/asn1/FANSAirport.c.o
[ 69%] Building CXX object plugins/others_support/CMakeFiles/others_support.dir/cloudsat/instruments/cpr/module_cloudsat_cpr.cpp.o
[ 69%] Building C object plugins/inmarsat_support/CMakeFiles/inmarsat_support.dir/aero/libacars/asn1/FANSAirportDeparture.c.o
[ 69%] Building C object plugins/inmarsat_support/CMakeFiles/inmarsat_support.dir/aero/libacars/asn1/FANSAirportDestination.c.o
[ 70%] Linking CXX shared library ../libstereo_support.so
[ 70%] Building C object plugins/inmarsat_support/CMakeFiles/inmarsat_support.dir/aero/libacars/asn1/FANSAirwayIdentifier.c.o
[ 70%] Building C object plugins/inmarsat_support/CMakeFiles/inmarsat_support.dir/aero/libacars/asn1/FANSAirwayIntercept.c.o
[ 70%] Built target stereo_support
[ 70%] Building CXX object plugins/cluster_support/CMakeFiles/cluster_support.dir/main.cpp.o
[ 70%] Building CXX object plugins/official_products_support/CMakeFiles/official_products_support.dir/fcidecomp/charls/jpeg_stream_writer.cpp.o
[ 70%] Building C object plugins/inmarsat_support/CMakeFiles/inmarsat_support.dir/aero/libacars/asn1/FANSAltimeter.c.o
[ 70%] Building CXX object plugins/meteosat_support/CMakeFiles/meteosat_support.dir/msg/instruments/seviri/seviri_reader.cpp.o
[ 70%] Building C object plugins/inmarsat_support/CMakeFiles/inmarsat_support.dir/aero/libacars/asn1/FANSAltimeterEnglish.c.o
[ 70%] Building C object plugins/inmarsat_support/CMakeFiles/inmarsat_support.dir/aero/libacars/asn1/FANSAltimeterMetric.c.o
[ 70%] Building CXX object plugins/others_support/CMakeFiles/others_support.dir/coriolis/instruments/windsat/module_coriolis_windsat.cpp.o
[ 71%] Building C object plugins/inmarsat_support/CMakeFiles/inmarsat_support.dir/aero/libacars/asn1/FANSAltitude.c.o
[ 71%] Building CXX object plugins/simd_extensions/simd_sse41/CMakeFiles/simd_sse41.dir/ldpc_decoder/ldpc_decoder_sse.cpp.o
[ 71%] Building C object plugins/inmarsat_support/CMakeFiles/inmarsat_support.dir/aero/libacars/asn1/FANSAltitudeAltitude.c.o
[ 71%] Building C object plugins/inmarsat_support/CMakeFiles/inmarsat_support.dir/aero/libacars/asn1/FANSAltitudeFlightLevel.c.o
[ 71%] Building C object plugins/inmarsat_support/CMakeFiles/inmarsat_support.dir/aero/libacars/asn1/FANSAltitudeFlightLevelMetric.c.o
[ 71%] Building C object plugins/inmarsat_support/CMakeFiles/inmarsat_support.dir/aero/libacars/asn1/FANSAltitudeGNSSFeet.c.o
[ 71%] Building CXX object plugins/official_products_support/CMakeFiles/official_products_support.dir/fcidecomp/charls/jpegls.cpp.o
[ 71%] Building C object plugins/inmarsat_support/CMakeFiles/inmarsat_support.dir/aero/libacars/asn1/FANSAltitudeGNSSMeters.c.o
[ 71%] Building C object plugins/inmarsat_support/CMakeFiles/inmarsat_support.dir/aero/libacars/asn1/FANSAltitudePosition.c.o
[ 71%] Building C object plugins/inmarsat_support/CMakeFiles/inmarsat_support.dir/aero/libacars/asn1/FANSAltitudeQFE.c.o
[ 71%] Building C object plugins/inmarsat_support/CMakeFiles/inmarsat_support.dir/aero/libacars/asn1/FANSAltitudeQFEMeters.c.o
[ 71%] Building C object plugins/inmarsat_support/CMakeFiles/inmarsat_support.dir/aero/libacars/asn1/FANSAltitudeQNH.c.o
[ 71%] Building C object plugins/inmarsat_support/CMakeFiles/inmarsat_support.dir/aero/libacars/asn1/FANSAltitudeQNHMeters.c.o
[ 71%] Building CXX object plugins/simd_extensions/simd_sse41/CMakeFiles/simd_sse41.dir/main.cpp.o
[ 72%] Building C object plugins/inmarsat_support/CMakeFiles/inmarsat_support.dir/aero/libacars/asn1/FANSAltitudeRestriction.c.o
[ 72%] Building CXX object plugins/dvb_support/CMakeFiles/dvb_support.dir/codings/dvb-s2/bch/bitman.cpp.o
[ 72%] Building C object plugins/inmarsat_support/CMakeFiles/inmarsat_support.dir/aero/libacars/asn1/FANSAltitudeSpeed.c.o
[ 72%] Building C object plugins/inmarsat_support/CMakeFiles/inmarsat_support.dir/aero/libacars/asn1/FANSAltitudeSpeedSpeed.c.o
[ 72%] Building CXX object plugins/dvb_support/CMakeFiles/dvb_support.dir/codings/dvb-s2/s2_deinterleaver.cpp.o
[ 72%] Building C object plugins/inmarsat_support/CMakeFiles/inmarsat_support.dir/aero/libacars/asn1/FANSAltitudeTime.c.o
[ 72%] Building CXX object plugins/dvb_support/CMakeFiles/dvb_support.dir/codings/dvb-s2/s2_scrambling.cpp.o
[ 72%] Building CXX object plugins/others_support/CMakeFiles/others_support.dir/coriolis/instruments/windsat/windsat_reader.cpp.o
[ 72%] Building C object plugins/inmarsat_support/CMakeFiles/inmarsat_support.dir/aero/libacars/asn1/FANSBeaconCode.c.o
[ 72%] Building C object plugins/inmarsat_support/CMakeFiles/inmarsat_support.dir/aero/libacars/asn1/FANSBeaconCodeOctalDigit.c.o
[ 72%] Building CXX object plugins/others_support/CMakeFiles/others_support.dir/cryosat/instruments/siral/module_cryosat_siral.cpp.o
[ 72%] Building C object plugins/inmarsat_support/CMakeFiles/inmarsat_support.dir/aero/libacars/asn1/FANSCOMNAVApproachEquipmentAvailable.c.o
[ 72%] Building CXX object plugins/cubesat_support/CMakeFiles/cubesat_support.dir/main.cpp.o
[ 72%] Building C object plugins/inmarsat_support/CMakeFiles/inmarsat_support.dir/aero/libacars/asn1/FANSCOMNAVEquipmentStatus.c.o
[ 72%] Building C object plugins/inmarsat_support/CMakeFiles/inmarsat_support.dir/aero/libacars/asn1/FANSCOMNAVEquipmentStatusSequence.c.o
[ 72%] Building C object plugins/inmarsat_support/CMakeFiles/inmarsat_support.dir/aero/libacars/asn1/FANSDegreeIncrement.c.o
[ 72%] Building CXX object plugins/dvb_support/CMakeFiles/dvb_support.dir/codings/dvbs_ts_deframer.cpp.o
[ 72%] Linking CXX shared library ../libanalog_support.so
[ 72%] Building C object plugins/inmarsat_support/CMakeFiles/inmarsat_support.dir/aero/libacars/asn1/FANSDegrees.c.o
[ 72%] Building CXX object plugins/dvb_support/CMakeFiles/dvb_support.dir/dvbs/dvbs_defra.cpp.o
[ 72%] Building C object plugins/inmarsat_support/CMakeFiles/inmarsat_support.dir/aero/libacars/asn1/FANSDegreesMagnetic.c.o
[ 72%] Built target analog_support
[ 72%] Building CXX object plugins/official_products_support/CMakeFiles/official_products_support.dir/fcidecomp/charls/jpegls_error.cpp.o
[ 73%] Building C object plugins/inmarsat_support/CMakeFiles/inmarsat_support.dir/aero/libacars/asn1/FANSDegreesTrue.c.o
[ 73%] Building CXX object plugins/meteosat_support/CMakeFiles/meteosat_support.dir/msg/module_msg_instruments_decoder.cpp.o
[ 73%] Building CXX object plugins/others_support/CMakeFiles/others_support.dir/main.cpp.o
[ 73%] Building C object plugins/inmarsat_support/CMakeFiles/inmarsat_support.dir/aero/libacars/asn1/FANSDirection.c.o
[ 73%] Linking CXX shared library ../../libsimd_sse41.so
[ 73%] Building C object plugins/inmarsat_support/CMakeFiles/inmarsat_support.dir/aero/libacars/asn1/FANSDirectionDegrees.c.o
[ 73%] Building C object plugins/inmarsat_support/CMakeFiles/inmarsat_support.dir/aero/libacars/asn1/FANSDistance.c.o
[ 73%] Built target simd_sse41
[ 73%] Building CXX object plugins/dvb_support/CMakeFiles/dvb_support.dir/dvbs/dvbs_syms_to_soft.cpp.o
[ 73%] Building C object plugins/inmarsat_support/CMakeFiles/inmarsat_support.dir/aero/libacars/asn1/FANSDistanceKm.c.o
[ 74%] Building CXX object plugins/cubesat_support/CMakeFiles/cubesat_support.dir/spino/module_spino_decoder.cpp.o
[ 74%] Building C object plugins/inmarsat_support/CMakeFiles/inmarsat_support.dir/aero/libacars/asn1/FANSDistanceNm.c.o
[ 74%] Building C object plugins/inmarsat_support/CMakeFiles/inmarsat_support.dir/aero/libacars/asn1/FANSDistanceOffset.c.o
[ 74%] Building C object plugins/inmarsat_support/CMakeFiles/inmarsat_support.dir/aero/libacars/asn1/FANSDistanceOffsetDirection.c.o
[ 74%] Building C object plugins/inmarsat_support/CMakeFiles/inmarsat_support.dir/aero/libacars/asn1/FANSDistanceOffsetKm.c.o
[ 74%] Building C object plugins/inmarsat_support/CMakeFiles/inmarsat_support.dir/aero/libacars/asn1/FANSDistanceOffsetNm.c.o
[ 74%] Building C object plugins/inmarsat_support/CMakeFiles/inmarsat_support.dir/aero/libacars/asn1/FANSEFCtime.c.o
[ 74%] Building CXX object plugins/others_support/CMakeFiles/others_support.dir/orb/module_orb_decoder.cpp.o
[ 75%] Building C object plugins/inmarsat_support/CMakeFiles/inmarsat_support.dir/aero/libacars/asn1/FANSErrorInformation.c.o
[ 75%] Building CXX object plugins/others_support/CMakeFiles/others_support.dir/saral/argos/module_saral_argos.cpp.o
[ 75%] Building C object plugins/inmarsat_support/CMakeFiles/inmarsat_support.dir/aero/libacars/asn1/FANSFixName.c.o
[ 75%] Linking CXX shared library ../libcluster_support.so
[ 75%] Building C object plugins/inmarsat_support/CMakeFiles/inmarsat_support.dir/aero/libacars/asn1/FANSFixNext.c.o
[ 75%] Built target cluster_support
[ 75%] Building CXX object plugins/official_products_support/CMakeFiles/official_products_support.dir/fcidecomp/charls/validate_spiff_header.cpp.o
[ 75%] Building C object plugins/inmarsat_support/CMakeFiles/inmarsat_support.dir/aero/libacars/asn1/FANSFixNextPlusOne.c.o
[ 75%] Building C object plugins/inmarsat_support/CMakeFiles/inmarsat_support.dir/aero/libacars/asn1/FANSFreeText.c.o
/build/SatDump/plugins/meteosat_support/msg/module_msg_instruments_decoder.cpp: In member function ‘virtual void meteosat::MSGInstrumentsDecoderModule::process()’:
/build/SatDump/plugins/meteosat_support/msg/module_msg_instruments_decoder.cpp:60:42: warning: unused variable ‘pkt’ [-Wunused-variable]
   60 |                 for (ccsds::CCSDSPacket &pkt : ccsdsFrames)
      |                                          ^~~
[ 75%] Building C object plugins/inmarsat_support/CMakeFiles/inmarsat_support.dir/aero/libacars/asn1/FANSFrequency.c.o
[ 75%] Building CXX object plugins/dvb_support/CMakeFiles/dvb_support.dir/dvbs/dvbs_vit.cpp.o
[ 75%] Building C object plugins/inmarsat_support/CMakeFiles/inmarsat_support.dir/aero/libacars/asn1/FANSFrequencyDeparture.c.o
[ 75%] Building C object plugins/inmarsat_support/CMakeFiles/inmarsat_support.dir/aero/libacars/asn1/FANSFrequencyhf.c.o
[ 75%] Building CXX object plugins/others_support/CMakeFiles/others_support.dir/scisat1/instruments/fts/fts_reader.cpp.o
[ 75%] Building C object plugins/inmarsat_support/CMakeFiles/inmarsat_support.dir/aero/libacars/asn1/FANSFrequencysatchannel.c.o
[ 75%] Building C object plugins/inmarsat_support/CMakeFiles/inmarsat_support.dir/aero/libacars/asn1/FANSFrequencyuhf.c.o
[ 75%] Building C object plugins/inmarsat_support/CMakeFiles/inmarsat_support.dir/aero/libacars/asn1/FANSFrequencyvhf.c.o
[ 75%] Building CXX object plugins/simd_extensions/simd_avx2/CMakeFiles/simd_avx2.dir/ldpc_decoder/ldpc_decoder_avx.cpp.o
[ 76%] Building C object plugins/inmarsat_support/CMakeFiles/inmarsat_support.dir/aero/libacars/asn1/FANSHoldClearance.c.o
[ 76%] Building C object plugins/inmarsat_support/CMakeFiles/inmarsat_support.dir/aero/libacars/asn1/FANSHoldatwaypoint.c.o
[ 77%] Building CXX object plugins/dvb_support/CMakeFiles/dvb_support.dir/dvbs/module_dvbs_demod.cpp.o
[ 77%] Building C object plugins/inmarsat_support/CMakeFiles/inmarsat_support.dir/aero/libacars/asn1/FANSHoldatwaypointSequence.c.o
[ 77%] Building C object plugins/inmarsat_support/CMakeFiles/inmarsat_support.dir/aero/libacars/asn1/FANSHoldatwaypointSpeedHigh.c.o
[ 77%] Building C object plugins/inmarsat_support/CMakeFiles/inmarsat_support.dir/aero/libacars/asn1/FANSHoldatwaypointSpeedLow.c.o
[ 77%] Building CXX object plugins/official_products_support/CMakeFiles/official_products_support.dir/fcidecomp/charls/version.cpp.o
[ 77%] Building CXX object plugins/sdr_sources/spyserver_support/CMakeFiles/spyserver_support.dir/main.cpp.o
[ 77%] Building C object plugins/inmarsat_support/CMakeFiles/inmarsat_support.dir/aero/libacars/asn1/FANSICAOFacilityDesignationTp4Table.c.o
[ 78%] Building CXX object plugins/simd_extensions/simd_avx2/CMakeFiles/simd_avx2.dir/main.cpp.o
[ 78%] Building C object plugins/inmarsat_support/CMakeFiles/inmarsat_support.dir/aero/libacars/asn1/FANSICAOFacilityFunction.c.o
[ 78%] Building C object plugins/inmarsat_support/CMakeFiles/inmarsat_support.dir/aero/libacars/asn1/FANSICAOFacilityIdentification.c.o
[ 78%] Building C object plugins/inmarsat_support/CMakeFiles/inmarsat_support.dir/aero/libacars/asn1/FANSICAOFacilityName.c.o
[ 78%] Building C object plugins/official_products_support/CMakeFiles/official_products_support.dir/fcidecomp/fcicomp_jpegls.c.o
[ 78%] Building C object plugins/inmarsat_support/CMakeFiles/inmarsat_support.dir/aero/libacars/asn1/FANSICAOUnitName.c.o
[ 78%] Building C object plugins/official_products_support/CMakeFiles/official_products_support.dir/fcidecomp/fcicomp_log.c.o
[ 78%] Building C object plugins/inmarsat_support/CMakeFiles/inmarsat_support.dir/aero/libacars/asn1/FANSICAOUnitNameFrequency.c.o
[ 79%] Building CXX object plugins/official_products_support/CMakeFiles/official_products_support.dir/file_utils/file_utils.cpp.o
[ 79%] Building C object plugins/inmarsat_support/CMakeFiles/inmarsat_support.dir/aero/libacars/asn1/FANSICAOfacilityDesignation.c.o
[ 79%] Building CXX object plugins/official_products_support/CMakeFiles/official_products_support.dir/main.cpp.o
[ 80%] Building C object plugins/inmarsat_support/CMakeFiles/inmarsat_support.dir/aero/libacars/asn1/FANSIcing.c.o
[ 80%] Linking CXX shared library ../libmeteosat_support.so
[ 80%] Building C object plugins/inmarsat_support/CMakeFiles/inmarsat_support.dir/aero/libacars/asn1/FANSInterceptCourseFrom.c.o
[ 80%] Building C object plugins/inmarsat_support/CMakeFiles/inmarsat_support.dir/aero/libacars/asn1/FANSInterceptCourseFromSelection.c.o
[ 80%] Built target meteosat_support
[ 80%] Building CXX object plugins/sdr_sources/rtltcp_support/CMakeFiles/rtltcp_support.dir/main.cpp.o
[ 80%] Building C object plugins/inmarsat_support/CMakeFiles/inmarsat_support.dir/aero/libacars/asn1/FANSInterceptCourseFromSequence.c.o
[ 80%] Building C object plugins/inmarsat_support/CMakeFiles/inmarsat_support.dir/aero/libacars/asn1/FANSLatLonReportingPoints.c.o
[ 80%] Building C object plugins/inmarsat_support/CMakeFiles/inmarsat_support.dir/aero/libacars/asn1/FANSLatitude.c.o
[ 80%] Building C object plugins/inmarsat_support/CMakeFiles/inmarsat_support.dir/aero/libacars/asn1/FANSLatitudeDegrees.c.o
[ 80%] Building CXX object plugins/others_support/CMakeFiles/others_support.dir/scisat1/instruments/maestro/maestro_reader.cpp.o
[ 80%] Linking CXX shared library ../libcubesat_support.so
[ 80%] Building C object plugins/inmarsat_support/CMakeFiles/inmarsat_support.dir/aero/libacars/asn1/FANSLatitudeDirection.c.o
[ 80%] Built target cubesat_support
[ 80%] Building C object plugins/inmarsat_support/CMakeFiles/inmarsat_support.dir/aero/libacars/asn1/FANSLatitudeLongitude.c.o
[ 80%] Building CXX object plugins/sdr_sources/sdrpp_server_support/CMakeFiles/sdrpp_server_support.dir/main.cpp.o
[ 80%] Building C object plugins/inmarsat_support/CMakeFiles/inmarsat_support.dir/aero/libacars/asn1/FANSLatitudeLongitudeSequence.c.o
[ 80%] Building C object plugins/inmarsat_support/CMakeFiles/inmarsat_support.dir/aero/libacars/asn1/FANSLatitudeReportingPoints.c.o
[ 81%] Building C object plugins/inmarsat_support/CMakeFiles/inmarsat_support.dir/aero/libacars/asn1/FANSLegDistance.c.o
[ 81%] Building CXX object plugins/others_support/CMakeFiles/others_support.dir/scisat1/module_scisat1_instruments.cpp.o
[ 81%] Building CXX object plugins/official_products_support/CMakeFiles/official_products_support.dir/nat2pro/formats/amsu_nat.cpp.o
[ 81%] Building C object plugins/inmarsat_support/CMakeFiles/inmarsat_support.dir/aero/libacars/asn1/FANSLegDistanceEnglish.c.o
[ 81%] Building C object plugins/inmarsat_support/CMakeFiles/inmarsat_support.dir/aero/libacars/asn1/FANSLegDistanceMetric.c.o
[ 81%] Building C object plugins/inmarsat_support/CMakeFiles/inmarsat_support.dir/aero/libacars/asn1/FANSLegTime.c.o
[ 81%] Building CXX object plugins/sdr_sources/rtltcp_support/CMakeFiles/rtltcp_support.dir/rtltcp.cpp.o
[ 81%] Building C object plugins/inmarsat_support/CMakeFiles/inmarsat_support.dir/aero/libacars/asn1/FANSLegType.c.o
[ 81%] Linking CXX shared library ../../libsimd_avx2.so
[ 81%] Building C object plugins/inmarsat_support/CMakeFiles/inmarsat_support.dir/aero/libacars/asn1/FANSLongitude.c.o
[ 81%] Building CXX object plugins/sdr_sources/spyserver_support/CMakeFiles/spyserver_support.dir/spyserver.cpp.o
[ 81%] Building C object plugins/inmarsat_support/CMakeFiles/inmarsat_support.dir/aero/libacars/asn1/FANSLongitudeDegrees.c.o
[ 81%] Built target simd_avx2
[ 81%] Building CXX object plugins/sdr_sources/sdrpp_server_support/CMakeFiles/sdrpp_server_support.dir/sdrpp_server.cpp.o
[ 81%] Building C object plugins/inmarsat_support/CMakeFiles/inmarsat_support.dir/aero/libacars/asn1/FANSLongitudeDirection.c.o
[ 81%] Building C object plugins/inmarsat_support/CMakeFiles/inmarsat_support.dir/aero/libacars/asn1/FANSLongitudeReportingPoints.c.o
[ 81%] Building C object plugins/inmarsat_support/CMakeFiles/inmarsat_support.dir/aero/libacars/asn1/FANSMinutesLatLon.c.o
[ 81%] Building C object plugins/inmarsat_support/CMakeFiles/inmarsat_support.dir/aero/libacars/asn1/FANSMsgIdentificationNumber.c.o
In file included from /build/SatDump/plugins/official_products_support/main.cpp:7:
/build/SatDump/plugins/official_products_support/nc2pro/fci_nc_calibrator.h: In constructor ‘nc2pro::FCINcCalibrator::FCINcCalibrator(nlohmann::json_abi_v3_11_2::json, satdump::ImageProducts*)’:
/build/SatDump/plugins/official_products_support/nc2pro/fci_nc_calibrator.h:27:31: warning: comparison of integer expressions of different signedness: ‘int’ and ‘std::vector<satdump::ImageProducts::ImageHolder>::size_type’ {aka ‘long unsigned int’} [-Wsign-compare]
   27 |             for (int i = 0; i < products->images.size(); i++)
      |                             ~~^~~~~~~~~~~~~~~~~~~~~~~~~
/build/SatDump/plugins/official_products_support/nc2pro/fci_nc_calibrator.h: In member function ‘virtual double nc2pro::FCINcCalibrator::compute(int, int, int, int)’:
/build/SatDump/plugins/official_products_support/nc2pro/fci_nc_calibrator.h:35:41: warning: unused parameter ‘pos_x’ [-Wunused-parameter]
   35 |         double compute(int channel, int pos_x, int pos_y, int px_val)
      |                                     ~~~~^~~~~
/build/SatDump/plugins/official_products_support/nc2pro/fci_nc_calibrator.h:35:52: warning: unused parameter ‘pos_y’ [-Wunused-parameter]
   35 |         double compute(int channel, int pos_x, int pos_y, int px_val)
      |                                                ~~~~^~~~~
In file included from /build/SatDump/plugins/official_products_support/main.cpp:11:
/build/SatDump/plugins/official_products_support/nat2pro/mhs_nat_calibrator.h: In member function ‘virtual double nat2pro::MHSNatCalibrator::compute(int, int, int, int)’:
/build/SatDump/plugins/official_products_support/nat2pro/mhs_nat_calibrator.h:22:28: warning: unused parameter ‘channel’ [-Wunused-parameter]
   22 |         double compute(int channel, int pos_x, int pos_y, int px_val)
      |                        ~~~~^~~~~~~
/build/SatDump/plugins/official_products_support/nat2pro/mhs_nat_calibrator.h:22:41: warning: unused parameter ‘pos_x’ [-Wunused-parameter]
   22 |         double compute(int channel, int pos_x, int pos_y, int px_val)
      |                                     ~~~~^~~~~
/build/SatDump/plugins/official_products_support/nat2pro/mhs_nat_calibrator.h:22:52: warning: unused parameter ‘pos_y’ [-Wunused-parameter]
   22 |         double compute(int channel, int pos_x, int pos_y, int px_val)
      |                                                ~~~~^~~~~
In file included from /build/SatDump/plugins/official_products_support/main.cpp:13:
/build/SatDump/plugins/official_products_support/nat2pro/amsu_nat_calibrator.h: In member function ‘virtual double nat2pro::AMSUNatCalibrator::compute(int, int, int, int)’:
/build/SatDump/plugins/official_products_support/nat2pro/amsu_nat_calibrator.h:22:28: warning: unused parameter ‘channel’ [-Wunused-parameter]
   22 |         double compute(int channel, int pos_x, int pos_y, int px_val)
      |                        ~~~~^~~~~~~
/build/SatDump/plugins/official_products_support/nat2pro/amsu_nat_calibrator.h:22:41: warning: unused parameter ‘pos_x’ [-Wunused-parameter]
   22 |         double compute(int channel, int pos_x, int pos_y, int px_val)
      |                                     ~~~~^~~~~
/build/SatDump/plugins/official_products_support/nat2pro/amsu_nat_calibrator.h:22:52: warning: unused parameter ‘pos_y’ [-Wunused-parameter]
   22 |         double compute(int channel, int pos_x, int pos_y, int px_val)
      |                                                ~~~~^~~~~
In file included from /build/SatDump/plugins/official_products_support/main.cpp:14:
/build/SatDump/plugins/official_products_support/nat2pro/avhrr_nat_calibrator.h: In member function ‘virtual double nat2pro::AVHRRNatCalibrator::compute(int, int, int, int)’:
/build/SatDump/plugins/official_products_support/nat2pro/avhrr_nat_calibrator.h:22:41: warning: unused parameter ‘pos_x’ [-Wunused-parameter]
   22 |         double compute(int channel, int pos_x, int pos_y, int px_val)
      |                                     ~~~~^~~~~
/build/SatDump/plugins/official_products_support/nat2pro/avhrr_nat_calibrator.h:22:52: warning: unused parameter ‘pos_y’ [-Wunused-parameter]
   22 |         double compute(int channel, int pos_x, int pos_y, int px_val)
      |                                                ~~~~^~~~~
[ 82%] Building C object plugins/inmarsat_support/CMakeFiles/inmarsat_support.dir/aero/libacars/asn1/FANSMsgReferenceNumber.c.o
[ 82%] Building C object plugins/inmarsat_support/CMakeFiles/inmarsat_support.dir/aero/libacars/asn1/FANSNavaid.c.o
[ 82%] Building C object plugins/inmarsat_support/CMakeFiles/inmarsat_support.dir/aero/libacars/asn1/FANSPDCrevision.c.o
[ 82%] Building C object plugins/inmarsat_support/CMakeFiles/inmarsat_support.dir/aero/libacars/asn1/FANSPlaceBearing.c.o
[ 82%] Building C object plugins/inmarsat_support/CMakeFiles/inmarsat_support.dir/aero/libacars/asn1/FANSPlaceBearingDistance.c.o
[ 82%] Building C object plugins/inmarsat_support/CMakeFiles/inmarsat_support.dir/aero/libacars/asn1/FANSPlaceBearingPlaceBearing.c.o
[ 82%] Building C object plugins/inmarsat_support/CMakeFiles/inmarsat_support.dir/aero/libacars/asn1/FANSPosition.c.o
[ 82%] Building C object plugins/inmarsat_support/CMakeFiles/inmarsat_support.dir/aero/libacars/asn1/FANSPositionAltitude.c.o
[ 82%] Building C object plugins/inmarsat_support/CMakeFiles/inmarsat_support.dir/aero/libacars/asn1/FANSPositionAltitudeAltitude.c.o
[ 82%] Building C object plugins/inmarsat_support/CMakeFiles/inmarsat_support.dir/aero/libacars/asn1/FANSPositionAltitudeSpeed.c.o
[ 82%] Building C object plugins/inmarsat_support/CMakeFiles/inmarsat_support.dir/aero/libacars/asn1/FANSPositionCurrent.c.o
[ 82%] Building C object plugins/inmarsat_support/CMakeFiles/inmarsat_support.dir/aero/libacars/asn1/FANSPositionDegrees.c.o
[ 83%] Building C object plugins/inmarsat_support/CMakeFiles/inmarsat_support.dir/aero/libacars/asn1/FANSPositionDistanceOffsetDirection.c.o
[ 83%] Building CXX object plugins/dvb_support/CMakeFiles/dvb_support.dir/dvbs/viterbi_all.cpp.o
[ 83%] Building C object plugins/inmarsat_support/CMakeFiles/inmarsat_support.dir/aero/libacars/asn1/FANSPositionICAOUnitNameFrequency.c.o
[ 83%] Building C object plugins/inmarsat_support/CMakeFiles/inmarsat_support.dir/aero/libacars/asn1/FANSPositionPosition.c.o
[ 83%] Building C object plugins/inmarsat_support/CMakeFiles/inmarsat_support.dir/aero/libacars/asn1/FANSPositionProcedureName.c.o
[ 83%] Building C object plugins/inmarsat_support/CMakeFiles/inmarsat_support.dir/aero/libacars/asn1/FANSPositionReport.c.o
[ 83%] Building C object plugins/inmarsat_support/CMakeFiles/inmarsat_support.dir/aero/libacars/asn1/FANSPositionRouteClearance.c.o
[ 83%] Building C object plugins/inmarsat_support/CMakeFiles/inmarsat_support.dir/aero/libacars/asn1/FANSPositionSpeed.c.o
[ 83%] Building C object plugins/inmarsat_support/CMakeFiles/inmarsat_support.dir/aero/libacars/asn1/FANSPositionSpeedSpeed.c.o
[ 83%] Building C object plugins/inmarsat_support/CMakeFiles/inmarsat_support.dir/aero/libacars/asn1/FANSPositionTime.c.o
[ 83%] Building C object plugins/inmarsat_support/CMakeFiles/inmarsat_support.dir/aero/libacars/asn1/FANSPositionTimeAltitude.c.o
[ 83%] Building CXX object plugins/official_products_support/CMakeFiles/official_products_support.dir/nat2pro/formats/avhrr_nat.cpp.o
[ 83%] Building C object plugins/inmarsat_support/CMakeFiles/inmarsat_support.dir/aero/libacars/asn1/FANSPositionTimeTime.c.o
[ 84%] Building C object plugins/inmarsat_support/CMakeFiles/inmarsat_support.dir/aero/libacars/asn1/FANSPredepartureClearance.c.o
[ 84%] Building C object plugins/inmarsat_support/CMakeFiles/inmarsat_support.dir/aero/libacars/asn1/FANSProcedure.c.o
/build/SatDump/plugins/dvb_support/dvbs/viterbi_all.cpp: In member function ‘int viterbi::Viterbi_DVBS::work(int8_t*, int, uint8_t*)’:
/build/SatDump/plugins/dvb_support/dvbs/viterbi_all.cpp:222:71: warning: ‘void viterbi::CCDecoder::work(uint8_t*, uint8_t*, int)’ is deprecated [-Wdeprecated-declarations]
  222 |                 cc_decoder_12.work(soft_buffer + d_shift, output, size); // Decode entire buffer
      |                                                                       ^
In file included from /build/SatDump/plugins/dvb_support/dvbs/viterbi_all.h:6,
                 from /build/SatDump/plugins/dvb_support/dvbs/viterbi_all.cpp:1:
/build/SatDump/plugins/../src-core/common/codings/viterbi/cc_decoder.h:73:29: note: declared here
   73 |         [[deprecated]] void work(uint8_t *inbuffer, uint8_t *outbuffer, int size);
      |                             ^~~~
/build/SatDump/plugins/dvb_support/dvbs/viterbi_all.cpp:257:61: warning: ‘void viterbi::CCDecoder::work(uint8_t*, uint8_t*, int)’ is deprecated [-Wdeprecated-declarations]
  257 |                 cc_decoder_34.work(depunc_buffer, output, sz); // Decode entire buffer
      |                                                             ^
In file included from /build/SatDump/plugins/dvb_support/dvbs/viterbi_all.h:6,
                 from /build/SatDump/plugins/dvb_support/dvbs/viterbi_all.cpp:1:
/build/SatDump/plugins/../src-core/common/codings/viterbi/cc_decoder.h:73:29: note: declared here
   73 |         [[deprecated]] void work(uint8_t *inbuffer, uint8_t *outbuffer, int size);
      |                             ^~~~
/build/SatDump/plugins/dvb_support/dvbs/viterbi_all.cpp:292:61: warning: ‘void viterbi::CCDecoder::work(uint8_t*, uint8_t*, int)’ is deprecated [-Wdeprecated-declarations]
  292 |                 cc_decoder_78.work(depunc_buffer, output, sz); // Decode entire buffer
      |                                                             ^
In file included from /build/SatDump/plugins/dvb_support/dvbs/viterbi_all.h:6,
                 from /build/SatDump/plugins/dvb_support/dvbs/viterbi_all.cpp:1:
/build/SatDump/plugins/../src-core/common/codings/viterbi/cc_decoder.h:73:29: note: declared here
   73 |         [[deprecated]] void work(uint8_t *inbuffer, uint8_t *outbuffer, int size);
      |                             ^~~~
[ 84%] Building C object plugins/inmarsat_support/CMakeFiles/inmarsat_support.dir/aero/libacars/asn1/FANSProcedureApproach.c.o
[ 84%] Building C object plugins/inmarsat_support/CMakeFiles/inmarsat_support.dir/aero/libacars/asn1/FANSProcedureArrival.c.o
[ 84%] Building C object plugins/inmarsat_support/CMakeFiles/inmarsat_support.dir/aero/libacars/asn1/FANSProcedureDeparture.c.o
[ 84%] Building CXX object plugins/sdr_sources/net_source_support/CMakeFiles/net_source_support.dir/main.cpp.o
[ 84%] Building C object plugins/inmarsat_support/CMakeFiles/inmarsat_support.dir/aero/libacars/asn1/FANSProcedureName.c.o
[ 84%] Building C object plugins/inmarsat_support/CMakeFiles/inmarsat_support.dir/aero/libacars/asn1/FANSProcedureTransition.c.o
[ 84%] Building CXX object plugins/sdr_sources/spyserver_support/CMakeFiles/spyserver_support.dir/spyserver/networking.cpp.o
[ 84%] Building C object plugins/inmarsat_support/CMakeFiles/inmarsat_support.dir/aero/libacars/asn1/FANSProcedureType.c.o
[ 84%] Linking CXX shared library ../libothers_support.so
[ 84%] Building C object plugins/inmarsat_support/CMakeFiles/inmarsat_support.dir/aero/libacars/asn1/FANSPublishedIdentifier.c.o
[ 84%] Building C object plugins/inmarsat_support/CMakeFiles/inmarsat_support.dir/aero/libacars/asn1/FANSRTARequiredTimeArrival.c.o
[ 84%] Built target others_support
[ 84%] Building CXX object plugins/sdr_sources/remote_sdr_support/CMakeFiles/remote_sdr_support.dir/udp_discovery.cpp.o
[ 84%] Building C object plugins/inmarsat_support/CMakeFiles/inmarsat_support.dir/aero/libacars/asn1/FANSRTARequiredTimeArrivalSequence.c.o
[ 85%] Building C object plugins/inmarsat_support/CMakeFiles/inmarsat_support.dir/aero/libacars/asn1/FANSRTATime.c.o
[ 85%] Building C object plugins/inmarsat_support/CMakeFiles/inmarsat_support.dir/aero/libacars/asn1/FANSRTATolerance.c.o
[ 85%] Building C object plugins/inmarsat_support/CMakeFiles/inmarsat_support.dir/aero/libacars/asn1/FANSRemainingFuel.c.o
[ 85%] Building C object plugins/inmarsat_support/CMakeFiles/inmarsat_support.dir/aero/libacars/asn1/FANSRemainingFuelRemainingSouls.c.o
[ 85%] Building C object plugins/inmarsat_support/CMakeFiles/inmarsat_support.dir/aero/libacars/asn1/FANSRemainingSouls.c.o
[ 85%] Building C object plugins/inmarsat_support/CMakeFiles/inmarsat_support.dir/aero/libacars/asn1/FANSReportedWaypointAltitude.c.o
[ 85%] Building CXX object plugins/sdr_sources/sdrpp_server_support/CMakeFiles/sdrpp_server_support.dir/sdrpp_server/networking.cpp.o
[ 85%] Building C object plugins/inmarsat_support/CMakeFiles/inmarsat_support.dir/aero/libacars/asn1/FANSReportedWaypointPosition.c.o
[ 85%] Building CXX object plugins/sdr_sources/spyserver_support/CMakeFiles/spyserver_support.dir/spyserver/spyserver_client.cpp.o
[ 85%] Building C object plugins/inmarsat_support/CMakeFiles/inmarsat_support.dir/aero/libacars/asn1/FANSReportedWaypointTime.c.o
[ 85%] Linking CXX shared library ../../librtltcp_support.so
[ 86%] Building CXX object plugins/sdr_sources/net_source_support/CMakeFiles/net_source_support.dir/net_source.cpp.o
[ 86%] Building CXX object plugins/dvb_support/CMakeFiles/dvb_support.dir/dvbs2/dvbs2_bb_to_soft.cpp.o
[ 86%] Building C object plugins/inmarsat_support/CMakeFiles/inmarsat_support.dir/aero/libacars/asn1/FANSReportingPoints.c.o
[ 86%] Built target rtltcp_support
[ 86%] Building CXX object plugins/official_products_support/CMakeFiles/official_products_support.dir/nat2pro/formats/gome_nat.cpp.o
[ 86%] Building C object plugins/inmarsat_support/CMakeFiles/inmarsat_support.dir/aero/libacars/asn1/FANSRouteClearance.c.o
[ 86%] Building C object plugins/inmarsat_support/CMakeFiles/inmarsat_support.dir/aero/libacars/asn1/FANSRouteInformation.c.o
[ 86%] Building C object plugins/inmarsat_support/CMakeFiles/inmarsat_support.dir/aero/libacars/asn1/FANSRouteInformationAdditional.c.o
[ 86%] Building CXX object plugins/sdr_sources/remote_sdr_support/CMakeFiles/remote_sdr_support.dir/plugin/main.cpp.o
[ 87%] Building C object plugins/inmarsat_support/CMakeFiles/inmarsat_support.dir/aero/libacars/asn1/FANSRouteInformationSequence.c.o
[ 87%] Building C object plugins/inmarsat_support/CMakeFiles/inmarsat_support.dir/aero/libacars/asn1/FANSRunway.c.o
[ 87%] Building C object plugins/inmarsat_support/CMakeFiles/inmarsat_support.dir/aero/libacars/asn1/FANSRunwayArrival.c.o
[ 87%] Building C object plugins/inmarsat_support/CMakeFiles/inmarsat_support.dir/aero/libacars/asn1/FANSRunwayConfiguration.c.o
[ 87%] Building C object plugins/inmarsat_support/CMakeFiles/inmarsat_support.dir/aero/libacars/asn1/FANSRunwayDeparture.c.o
[ 87%] Building C object plugins/inmarsat_support/CMakeFiles/inmarsat_support.dir/aero/libacars/asn1/FANSRunwayDirection.c.o
[ 87%] Building C object plugins/inmarsat_support/CMakeFiles/inmarsat_support.dir/aero/libacars/asn1/FANSSSREquipmentAvailable.c.o
[ 87%] Building CXX object plugins/sdr_sources/sdrpp_server_support/CMakeFiles/sdrpp_server_support.dir/sdrpp_server/sdrpp_server_client.cpp.o
[ 87%] Linking CXX shared library ../../libspyserver_support.so
[ 87%] Building C object plugins/inmarsat_support/CMakeFiles/inmarsat_support.dir/aero/libacars/asn1/FANSSpeed.c.o
[ 87%] Building C object plugins/inmarsat_support/CMakeFiles/inmarsat_support.dir/aero/libacars/asn1/FANSSpeedGround.c.o
[ 87%] Building CXX object plugins/dvb_support/CMakeFiles/dvb_support.dir/dvbs2/dvbs2_pl_sync.cpp.o
[ 87%] Built target spyserver_support
[ 87%] Building C object plugins/inmarsat_support/CMakeFiles/inmarsat_support.dir/aero/libacars/asn1/FANSSpeedGroundMetric.c.o
[ 87%] Building CXX object plugins/sdr_sources/remote_sdr_support/CMakeFiles/remote_sdr_support.dir/plugin/remote_source.cpp.o
[ 87%] Building C object plugins/inmarsat_support/CMakeFiles/inmarsat_support.dir/aero/libacars/asn1/FANSSpeedIndicated.c.o
[ 88%] Building C object plugins/inmarsat_support/CMakeFiles/inmarsat_support.dir/aero/libacars/asn1/FANSSpeedIndicatedMetric.c.o
[ 88%] Building CXX object plugins/sdr_sources/sdrpp_server_support/CMakeFiles/sdrpp_server_support.dir/sdrpp_server/smgui.cpp.o
[ 88%] Building C object plugins/inmarsat_support/CMakeFiles/inmarsat_support.dir/aero/libacars/asn1/FANSSpeedMach.c.o
[ 88%] Building CXX object plugins/sdr_sources/remote_sdr_support/CMakeFiles/satdump_sdr_server.dir/udp_discovery.cpp.o
[ 88%] Building C object plugins/inmarsat_support/CMakeFiles/inmarsat_support.dir/aero/libacars/asn1/FANSSpeedMachLarge.c.o
[ 88%] Building C object plugins/inmarsat_support/CMakeFiles/inmarsat_support.dir/aero/libacars/asn1/FANSSpeedSpeed.c.o
[ 88%] Building C object plugins/inmarsat_support/CMakeFiles/inmarsat_support.dir/aero/libacars/asn1/FANSSpeedTrue.c.o
[ 88%] Building C object plugins/inmarsat_support/CMakeFiles/inmarsat_support.dir/aero/libacars/asn1/FANSSpeedTrueMetric.c.o
[ 88%] Building CXX object plugins/official_products_support/CMakeFiles/official_products_support.dir/nat2pro/formats/hirs_nat.cpp.o
[ 88%] Building C object plugins/inmarsat_support/CMakeFiles/inmarsat_support.dir/aero/libacars/asn1/FANSSupplementaryInformation.c.o
[ 88%] Building C object plugins/inmarsat_support/CMakeFiles/inmarsat_support.dir/aero/libacars/asn1/FANSTemperature.c.o
[ 88%] Building C object plugins/inmarsat_support/CMakeFiles/inmarsat_support.dir/aero/libacars/asn1/FANSTemperatureC.c.o
[ 88%] Building CXX object plugins/dvb_support/CMakeFiles/dvb_support.dir/dvbs2/dvbs2_pll.cpp.o
[ 88%] Building C object plugins/inmarsat_support/CMakeFiles/inmarsat_support.dir/aero/libacars/asn1/FANSTemperatureF.c.o
[ 88%] Building CXX object plugins/standard_cpp_compos_support/CMakeFiles/cpp_compos_support.dir/main.cpp.o
[ 88%] Building CXX object plugins/sdr_sources/remote_sdr_support/CMakeFiles/satdump_sdr_server.dir/server/actions.cpp.o
[ 88%] Building C object plugins/inmarsat_support/CMakeFiles/inmarsat_support.dir/aero/libacars/asn1/FANSTime.c.o
[ 89%] Building C object plugins/inmarsat_support/CMakeFiles/inmarsat_support.dir/aero/libacars/asn1/FANSTimeAltitude.c.o
[ 89%] Building C object plugins/inmarsat_support/CMakeFiles/inmarsat_support.dir/aero/libacars/asn1/FANSTimeAtPositionCurrent.c.o
[ 89%] Building C object plugins/inmarsat_support/CMakeFiles/inmarsat_support.dir/aero/libacars/asn1/FANSTimeDepartureEdct.c.o
[ 89%] Building CXX object plugins/sdr_sources/sdrpp_server_support/CMakeFiles/sdrpp_server_support.dir/sdrpp_server/stepped_slider.cpp.o
[ 89%] Building C object plugins/inmarsat_support/CMakeFiles/inmarsat_support.dir/aero/libacars/asn1/FANSTimeDistanceOffsetDirection.c.o
[ 89%] Building C object plugins/inmarsat_support/CMakeFiles/inmarsat_support.dir/aero/libacars/asn1/FANSTimeDistanceToFromPosition.c.o
[ 89%] Building C object plugins/inmarsat_support/CMakeFiles/inmarsat_support.dir/aero/libacars/asn1/FANSTimeEtaAtFixNext.c.o
[ 89%] Building C object plugins/inmarsat_support/CMakeFiles/inmarsat_support.dir/aero/libacars/asn1/FANSTimeEtaDestination.c.o
[ 89%] Building CXX object plugins/dvb_support/CMakeFiles/dvb_support.dir/dvbs2/module_dvbs2_demod.cpp.o
[ 89%] Building C object plugins/inmarsat_support/CMakeFiles/inmarsat_support.dir/aero/libacars/asn1/FANSTimeICAOunitnameFrequency.c.o
[ 89%] Building C object plugins/inmarsat_support/CMakeFiles/inmarsat_support.dir/aero/libacars/asn1/FANSTimePosition.c.o
[ 89%] Building C object plugins/inmarsat_support/CMakeFiles/inmarsat_support.dir/aero/libacars/asn1/FANSTimePositionAltitude.c.o
[ 89%] Building CXX object plugins/sdr_sources/remote_sdr_support/CMakeFiles/satdump_sdr_server.dir/server/gui.cpp.o
[ 89%] Building C object plugins/inmarsat_support/CMakeFiles/inmarsat_support.dir/aero/libacars/asn1/FANSTimePositionAltitudeSpeed.c.o
[ 89%] Building C object plugins/inmarsat_support/CMakeFiles/inmarsat_support.dir/aero/libacars/asn1/FANSTimeSeconds.c.o
[ 89%] Building CXX object plugins/official_products_support/CMakeFiles/official_products_support.dir/nat2pro/formats/iasi_nat.cpp.o
[ 90%] Building C object plugins/inmarsat_support/CMakeFiles/inmarsat_support.dir/aero/libacars/asn1/FANSTimeSpeed.c.o
[ 90%] Building C object plugins/inmarsat_support/CMakeFiles/inmarsat_support.dir/aero/libacars/asn1/FANSTimeSpeedSpeed.c.o
[ 90%] Linking CXX shared library ../../libsdrpp_server_support.so
[ 90%] Building C object plugins/inmarsat_support/CMakeFiles/inmarsat_support.dir/aero/libacars/asn1/FANSTimeTime.c.o
[ 90%] Building C object plugins/inmarsat_support/CMakeFiles/inmarsat_support.dir/aero/libacars/asn1/FANSTimeTolerance.c.o
[ 90%] Built target sdrpp_server_support
[ 90%] Building C object plugins/inmarsat_support/CMakeFiles/inmarsat_support.dir/aero/libacars/asn1/FANSTimehours.c.o
[ 90%] Building CXX object plugins/sdr_sources/remote_sdr_support/CMakeFiles/satdump_sdr_server.dir/server/main.cpp.o
[ 90%] Linking CXX shared library ../../libnet_source_support.so
[ 90%] Building C object plugins/inmarsat_support/CMakeFiles/inmarsat_support.dir/aero/libacars/asn1/FANSTimeminutes.c.o
[ 90%] Building C object plugins/inmarsat_support/CMakeFiles/inmarsat_support.dir/aero/libacars/asn1/FANSTimestamp.c.o
[ 90%] Built target net_source_support
[ 90%] Building CXX object plugins/dvb_support/CMakeFiles/dvb_support.dir/dvbs2/module_s2_ts_extractor.cpp.o
[ 90%] Building C object plugins/inmarsat_support/CMakeFiles/inmarsat_support.dir/aero/libacars/asn1/FANSToFrom.c.o
[ 90%] Building C object plugins/inmarsat_support/CMakeFiles/inmarsat_support.dir/aero/libacars/asn1/FANSToFromPosition.c.o
[ 90%] Building C object plugins/inmarsat_support/CMakeFiles/inmarsat_support.dir/aero/libacars/asn1/FANSTp4table.c.o
[ 90%] Building C object plugins/inmarsat_support/CMakeFiles/inmarsat_support.dir/aero/libacars/asn1/FANSTrackAngle.c.o
[ 91%] Building C object plugins/inmarsat_support/CMakeFiles/inmarsat_support.dir/aero/libacars/asn1/FANSTrackDetail.c.o
[ 91%] Building C object plugins/inmarsat_support/CMakeFiles/inmarsat_support.dir/aero/libacars/asn1/FANSTrackName.c.o
[ 91%] Building C object plugins/inmarsat_support/CMakeFiles/inmarsat_support.dir/aero/libacars/asn1/FANSTrueheading.c.o
[ 91%] Building C object plugins/inmarsat_support/CMakeFiles/inmarsat_support.dir/aero/libacars/asn1/FANSTurbulence.c.o
[ 91%] Building C object plugins/inmarsat_support/CMakeFiles/inmarsat_support.dir/aero/libacars/asn1/FANSVersionNumber.c.o
[ 92%] Building CXX object plugins/sdr_sources/remote_sdr_support/CMakeFiles/satdump_sdr_server.dir/server/pkt_handler.cpp.o
[ 92%] Building C object plugins/inmarsat_support/CMakeFiles/inmarsat_support.dir/aero/libacars/asn1/FANSVerticalChange.c.o
[ 92%] Building C object plugins/inmarsat_support/CMakeFiles/inmarsat_support.dir/aero/libacars/asn1/FANSVerticalDirection.c.o
[ 92%] Building C object plugins/inmarsat_support/CMakeFiles/inmarsat_support.dir/aero/libacars/asn1/FANSVerticalRate.c.o
[ 92%] Building C object plugins/inmarsat_support/CMakeFiles/inmarsat_support.dir/aero/libacars/asn1/FANSVerticalRateEnglish.c.o
[ 92%] Building C object plugins/inmarsat_support/CMakeFiles/inmarsat_support.dir/aero/libacars/asn1/FANSVerticalRateMetric.c.o
[ 92%] Building C object plugins/inmarsat_support/CMakeFiles/inmarsat_support.dir/aero/libacars/asn1/FANSWaypointSpeedAltitude.c.o
[ 92%] Building CXX object plugins/dvb_support/CMakeFiles/dvb_support.dir/main.cpp.o
[ 93%] Building C object plugins/inmarsat_support/CMakeFiles/inmarsat_support.dir/aero/libacars/asn1/FANSWaypointSpeedAltitudesequence.c.o
[ 93%] Building C object plugins/inmarsat_support/CMakeFiles/inmarsat_support.dir/aero/libacars/asn1/FANSWindDirection.c.o
[ 93%] Building C object plugins/inmarsat_support/CMakeFiles/inmarsat_support.dir/aero/libacars/asn1/FANSWindSpeed.c.o
[ 93%] Building C object plugins/inmarsat_support/CMakeFiles/inmarsat_support.dir/aero/libacars/asn1/FANSWindSpeedEnglish.c.o
[ 93%] Building C object plugins/inmarsat_support/CMakeFiles/inmarsat_support.dir/aero/libacars/asn1/FANSWindSpeedMetric.c.o
[ 93%] Building C object plugins/inmarsat_support/CMakeFiles/inmarsat_support.dir/aero/libacars/asn1/FANSWinds.c.o
[ 93%] Building C object plugins/inmarsat_support/CMakeFiles/inmarsat_support.dir/aero/libacars/asn1/IA5String.c.o
[ 93%] Building C object plugins/inmarsat_support/CMakeFiles/inmarsat_support.dir/aero/libacars/asn1/INTEGER.c.o
[ 93%] Building CXX object plugins/sdr_sources/remote_sdr_support/CMakeFiles/satdump_sdr_server.dir/server/streaming.cpp.o
[ 93%] Building C object plugins/inmarsat_support/CMakeFiles/inmarsat_support.dir/aero/libacars/asn1/NULL.c.o
[ 93%] Building C object plugins/inmarsat_support/CMakeFiles/inmarsat_support.dir/aero/libacars/asn1/NativeEnumerated.c.o
[ 93%] Building CXX object plugins/official_products_support/CMakeFiles/official_products_support.dir/nat2pro/formats/mhs_nat.cpp.o
[ 93%] Building C object plugins/inmarsat_support/CMakeFiles/inmarsat_support.dir/aero/libacars/asn1/NativeInteger.c.o
[ 93%] Building C object plugins/inmarsat_support/CMakeFiles/inmarsat_support.dir/aero/libacars/asn1/NumericString.c.o
[ 94%] Building C object plugins/inmarsat_support/CMakeFiles/inmarsat_support.dir/aero/libacars/asn1/OCTET_STRING.c.o
[ 94%] Building C object plugins/inmarsat_support/CMakeFiles/inmarsat_support.dir/aero/libacars/asn1/asn_SEQUENCE_OF.c.o
[ 94%] Building CXX object plugins/official_products_support/CMakeFiles/official_products_support.dir/nat2pro/formats/msg_nat.cpp.o
[ 94%] Building C object plugins/inmarsat_support/CMakeFiles/inmarsat_support.dir/aero/libacars/asn1/asn_SET_OF.c.o
[ 94%] Building C object plugins/inmarsat_support/CMakeFiles/inmarsat_support.dir/aero/libacars/asn1/asn_codecs_prim.c.o
[ 94%] Building CXX object plugins/official_products_support/CMakeFiles/official_products_support.dir/nc2pro/mtg_fci.cpp.o
[ 94%] Building C object plugins/inmarsat_support/CMakeFiles/inmarsat_support.dir/aero/libacars/asn1/ber_decoder.c.o
[ 94%] Building CXX object plugins/official_products_support/CMakeFiles/official_products_support.dir/nc2pro/sc3_olci.cpp.o
[ 94%] Building C object plugins/inmarsat_support/CMakeFiles/inmarsat_support.dir/aero/libacars/asn1/ber_tlv_length.c.o
[ 95%] Linking CXX shared library ../../libremote_sdr_support.so
[ 95%] Building C object plugins/inmarsat_support/CMakeFiles/inmarsat_support.dir/aero/libacars/asn1/ber_tlv_tag.c.o
[ 95%] Building C object plugins/inmarsat_support/CMakeFiles/inmarsat_support.dir/aero/libacars/asn1/constr_CHOICE.c.o
[ 95%] Built target remote_sdr_support
[ 95%] Building CXX object plugins/official_products_support/CMakeFiles/official_products_support.dir/nc2pro/sc3_slstr.cpp.o
[ 95%] Linking CXX shared library ../libcpp_compos_support.so
[ 95%] Built target cpp_compos_support
[ 95%] Building C object plugins/inmarsat_support/CMakeFiles/inmarsat_support.dir/aero/libacars/asn1/constr_SEQUENCE.c.o
[ 96%] Building CXX object plugins/official_products_support/CMakeFiles/official_products_support.dir/off2pro/module_off2pro.cpp.o
[ 96%] Building C object plugins/inmarsat_support/CMakeFiles/inmarsat_support.dir/aero/libacars/asn1/constr_SEQUENCE_OF.c.o
[ 96%] Building C object plugins/inmarsat_support/CMakeFiles/inmarsat_support.dir/aero/libacars/asn1/constr_SET_OF.c.o
[ 97%] Building C object plugins/inmarsat_support/CMakeFiles/inmarsat_support.dir/aero/libacars/asn1/constr_TYPE.c.o
[ 97%] Building C object plugins/inmarsat_support/CMakeFiles/inmarsat_support.dir/aero/libacars/asn1/constraints.c.o
[ 97%] Building C object plugins/inmarsat_support/CMakeFiles/inmarsat_support.dir/aero/libacars/asn1/der_encoder.c.o
[ 97%] Building C object plugins/inmarsat_support/CMakeFiles/inmarsat_support.dir/aero/libacars/asn1/per_decoder.c.o
[ 97%] Building C object plugins/inmarsat_support/CMakeFiles/inmarsat_support.dir/aero/libacars/asn1/per_encoder.c.o
[ 97%] Building C object plugins/inmarsat_support/CMakeFiles/inmarsat_support.dir/aero/libacars/asn1/per_opentype.c.o
[ 97%] Building C object plugins/inmarsat_support/CMakeFiles/inmarsat_support.dir/aero/libacars/asn1/per_support.c.o
[ 97%] Building C object plugins/inmarsat_support/CMakeFiles/inmarsat_support.dir/aero/libacars/asn1/xer_decoder.c.o
[ 97%] Building C object plugins/inmarsat_support/CMakeFiles/inmarsat_support.dir/aero/libacars/asn1/xer_encoder.c.o
[ 97%] Building C object plugins/inmarsat_support/CMakeFiles/inmarsat_support.dir/aero/libacars/asn1/xer_support.c.o
[ 97%] Building C object plugins/inmarsat_support/CMakeFiles/inmarsat_support.dir/aero/libacars/bitstream.c.o
[ 98%] Building C object plugins/inmarsat_support/CMakeFiles/inmarsat_support.dir/aero/libacars/configuration.c.o
[ 98%] Building C object plugins/inmarsat_support/CMakeFiles/inmarsat_support.dir/aero/libacars/cpdlc.c.o
[ 98%] Building C object plugins/inmarsat_support/CMakeFiles/inmarsat_support.dir/aero/libacars/crc.c.o
[ 98%] Building C object plugins/inmarsat_support/CMakeFiles/inmarsat_support.dir/aero/libacars/dict.c.o
[ 98%] Building C object plugins/inmarsat_support/CMakeFiles/inmarsat_support.dir/aero/libacars/hash.c.o
[ 98%] Building C object plugins/inmarsat_support/CMakeFiles/inmarsat_support.dir/aero/libacars/json.c.o
[ 98%] Building C object plugins/inmarsat_support/CMakeFiles/inmarsat_support.dir/aero/libacars/libacars.c.o
[ 98%] Building C object plugins/inmarsat_support/CMakeFiles/inmarsat_support.dir/aero/libacars/list.c.o
[ 98%] Building C object plugins/inmarsat_support/CMakeFiles/inmarsat_support.dir/aero/libacars/media-adv.c.o
[ 98%] Building C object plugins/inmarsat_support/CMakeFiles/inmarsat_support.dir/aero/libacars/miam-core.c.o
[ 98%] Building C object plugins/inmarsat_support/CMakeFiles/inmarsat_support.dir/aero/libacars/miam.c.o
[ 98%] Building C object plugins/inmarsat_support/CMakeFiles/inmarsat_support.dir/aero/libacars/reassembly.c.o
[ 99%] Building C object plugins/inmarsat_support/CMakeFiles/inmarsat_support.dir/aero/libacars/util.c.o
[ 99%] Building C object plugins/inmarsat_support/CMakeFiles/inmarsat_support.dir/aero/libacars/vstring.c.o
[ 99%] Linking CXX shared library ../libdvb_support.so
/build/SatDump/plugins/official_products_support/nc2pro/sc3_olci.cpp: In function ‘nc2pro::ParseOLCIChannel nc2pro::parse_sentinel3_ocli_channel(std::vector<unsigned char>, std::string)’:
/build/SatDump/plugins/official_products_support/nc2pro/sc3_olci.cpp:78:27: warning: comparison of integer expressions of different signedness: ‘int’ and ‘size_t’ {aka ‘long unsigned int’} [-Wsign-compare]
   78 |         for (int i = 0; i < o.img.size(); i++)
      |                         ~~^~~~~~~~~~~~~~
[ 99%] Building C object plugins/inmarsat_support/CMakeFiles/inmarsat_support.dir/aero/mbelib/ambe3600x2400.c.o
[ 99%] Building C object plugins/inmarsat_support/CMakeFiles/inmarsat_support.dir/aero/mbelib/ambe3600x2450.c.o
[ 99%] Building C object plugins/inmarsat_support/CMakeFiles/inmarsat_support.dir/aero/mbelib/ambe4800x3600.c.o
[ 99%] Built target dvb_support
[ 99%] Building C object plugins/inmarsat_support/CMakeFiles/inmarsat_support.dir/aero/mbelib/ecc.c.o
[ 99%] Building C object plugins/inmarsat_support/CMakeFiles/inmarsat_support.dir/aero/mbelib/imbe7100x4400.c.o
/build/SatDump/plugins/official_products_support/nc2pro/sc3_slstr.cpp: In function ‘nc2pro::ParseOLCIChannel nc2pro::parse_sentinel3_slstr_channel(std::vector<unsigned char>, std::string, bool, bool)’:
/build/SatDump/plugins/official_products_support/nc2pro/sc3_slstr.cpp:64:27: warning: comparison of integer expressions of different signedness: ‘int’ and ‘size_t’ {aka ‘long unsigned int’} [-Wsign-compare]
   64 |         for (int i = 0; i < o.img.size(); i++)
      |                         ~~^~~~~~~~~~~~~~
[ 99%] Building C object plugins/inmarsat_support/CMakeFiles/inmarsat_support.dir/aero/mbelib/imbe7200x4400.c.o
[ 99%] Building C object plugins/inmarsat_support/CMakeFiles/inmarsat_support.dir/aero/mbelib/mbelib.c.o
[ 99%] Building CXX object plugins/inmarsat_support/CMakeFiles/inmarsat_support.dir/aero/module_aero_decoder.cpp.o
[ 99%] Building CXX object plugins/inmarsat_support/CMakeFiles/inmarsat_support.dir/aero/module_aero_parser.cpp.o
[100%] Building CXX object plugins/inmarsat_support/CMakeFiles/inmarsat_support.dir/aero/pkt_structs.cpp.o
[100%] Building CXX object plugins/inmarsat_support/CMakeFiles/inmarsat_support.dir/main.cpp.o
[100%] Building CXX object plugins/inmarsat_support/CMakeFiles/inmarsat_support.dir/stdc/decode_utils.cpp.o
[100%] Linking CXX executable ../../../satdump_sdr_server
[100%] Building CXX object plugins/inmarsat_support/CMakeFiles/inmarsat_support.dir/stdc/egc_parser.cpp.o
[100%] Built target satdump_sdr_server
[100%] Building CXX object plugins/inmarsat_support/CMakeFiles/inmarsat_support.dir/stdc/module_stdc_decoder.cpp.o
[100%] Building CXX object plugins/inmarsat_support/CMakeFiles/inmarsat_support.dir/stdc/module_stdc_parser.cpp.o
[100%] Building CXX object plugins/inmarsat_support/CMakeFiles/inmarsat_support.dir/stdc/msg_parser.cpp.o
[100%] Building CXX object plugins/inmarsat_support/CMakeFiles/inmarsat_support.dir/stdc/pkt_parser.cpp.o
[100%] Building CXX object plugins/inmarsat_support/CMakeFiles/inmarsat_support.dir/stdc/pkt_structs.cpp.o
[100%] Linking CXX shared library ../libofficial_products_support.so
[100%] Built target official_products_support
[100%] Linking CXX shared library ../libinmarsat_support.so
[100%] Built target inmarsat_support
MAKE_EXIT=0
[ 39%] Built target satdump_core
[ 40%] Built target satdump
[ 41%] Built target spacex_support
[ 41%] Built target fengyun2_support
[ 44%] Built target fengyun3_support
[ 44%] Built target fengyun4_support
[ 45%] Built target proba_support
[ 47%] Built target eos_support
[ 49%] Built target meteor_support
[ 50%] Built target jpss_support
[ 53%] Built target goes_support
[ 55%] Built target elektro_arktika_support
[ 55%] Built target gk2a_support
[ 57%] Built target noaa_metop_support
[ 57%] Built target dmsp_support
[ 58%] Built target jason3_support
[ 58%] Built target aim_support
[ 59%] Built target wsf_support
[ 59%] Built target aws_support
[ 59%] Built target mats_support
[ 59%] Built target hinode_support
[ 59%] Built target oceansat_support
[ 59%] Built target landsat_support
[ 60%] Built target himawari_support
[ 61%] Built target geonetcast_support
[ 61%] Built target bluewalker3_support
[ 62%] Built target analog_support
[ 62%] Built target orbcomm_support
[ 62%] Built target gcom_support
[ 62%] Built target tubsat_support
[ 62%] Built target umka_support
[ 63%] Built target dscovr_support
[ 64%] Built target stereo_support
[ 89%] Built target inmarsat_support
[ 90%] Built target cubesat_support
[ 91%] Built target others_support
[ 94%] Built target official_products_support
[ 95%] Built target dvb_support
[ 96%] Built target cluster_support
[ 96%] Built target meteosat_support
[ 96%] Built target simd_sse41
[ 97%] Built target simd_avx2
[ 97%] Built target spyserver_support
[ 97%] Built target rtltcp_support
[ 97%] Built target sdrpp_server_support
[ 98%] Built target net_source_support
[ 99%] Built target remote_sdr_support
[100%] Built target satdump_sdr_server
[100%] Built target cpp_compos_support
Install the project...
-- Install configuration: "Release"
-- Installing: /opt/satdump/share/satdump/pipelines
-- Installing: /opt/satdump/share/satdump/pipelines/DSCOVR.json
-- Installing: /opt/satdump/share/satdump/pipelines/Juice.json
-- Installing: /opt/satdump/share/satdump/pipelines/Test.json
-- Installing: /opt/satdump/share/satdump/pipelines/SAOCOM.json
-- Installing: /opt/satdump/share/satdump/pipelines/Cryosat.json
-- Installing: /opt/satdump/share/satdump/pipelines/Work-In-Progress.json
-- Installing: /opt/satdump/share/satdump/pipelines/Peregrine.json
-- Installing: /opt/satdump/share/satdump/pipelines/Jason-3.json
-- Installing: /opt/satdump/share/satdump/pipelines/FengYun-3.json
-- Installing: /opt/satdump/share/satdump/pipelines/Aditya.json
-- Installing: /opt/satdump/share/satdump/pipelines/SLIM.json
-- Installing: /opt/satdump/share/satdump/pipelines/Elektro_Arktika.json
-- Installing: /opt/satdump/share/satdump/pipelines/Proba.json
-- Installing: /opt/satdump/share/satdump/pipelines/Psyche.json
-- Installing: /opt/satdump/share/satdump/pipelines/TGO.json
-- Installing: /opt/satdump/share/satdump/pipelines/Queqiao.json
-- Installing: /opt/satdump/share/satdump/pipelines/Hera.json
-- Installing: /opt/satdump/share/satdump/pipelines/ODIN.json
-- Installing: /opt/satdump/share/satdump/pipelines/Sonate-2.json
-- Installing: /opt/satdump/share/satdump/pipelines/DMSP.json
-- Installing: /opt/satdump/share/satdump/pipelines/Orbcomm.json
-- Installing: /opt/satdump/share/satdump/pipelines/Oceansat.json
-- Installing: /opt/satdump/share/satdump/pipelines/GCOM.json
-- Installing: /opt/satdump/share/satdump/pipelines/LandSat.json
-- Installing: /opt/satdump/share/satdump/pipelines/UmKA.json
-- Installing: /opt/satdump/share/satdump/pipelines/UVSQ.json
-- Installing: /opt/satdump/share/satdump/pipelines/GeoNetCast.json
-- Installing: /opt/satdump/share/satdump/pipelines/Cluster.json
-- Installing: /opt/satdump/share/satdump/pipelines/FengYun-4.json
-- Installing: /opt/satdump/share/satdump/pipelines/BlueWalker3.json
-- Installing: /opt/satdump/share/satdump/pipelines/Iris.json
-- Installing: /opt/satdump/share/satdump/pipelines/Lucky7.json
-- Installing: /opt/satdump/share/satdump/pipelines/GOES.json
-- Installing: /opt/satdump/share/satdump/pipelines/GK2A.json
-- Installing: /opt/satdump/share/satdump/pipelines/DVB_Test.json
-- Installing: /opt/satdump/share/satdump/pipelines/MSG.json
-- Installing: /opt/satdump/share/satdump/pipelines/Coriolis.json
-- Installing: /opt/satdump/share/satdump/pipelines/Sentinel-6.json
-- Installing: /opt/satdump/share/satdump/pipelines/KPLO.json
-- Installing: /opt/satdump/share/satdump/pipelines/FengYun-2.json
-- Installing: /opt/satdump/share/satdump/pipelines/Cloudsat.json
-- Installing: /opt/satdump/share/satdump/pipelines/Meteor-M.json
-- Installing: /opt/satdump/share/satdump/pipelines/FORMOSAT.json
-- Installing: /opt/satdump/share/satdump/pipelines/MetOp.json
-- Installing: /opt/satdump/share/satdump/pipelines/Tianwen.json
-- Installing: /opt/satdump/share/satdump/pipelines/MATS.json
-- Installing: /opt/satdump/share/satdump/pipelines/Himawari.json
-- Installing: /opt/satdump/share/satdump/pipelines/ViaSat.json
-- Installing: /opt/satdump/share/satdump/pipelines/EOS.json
-- Installing: /opt/satdump/share/satdump/pipelines/Stereo.json
-- Installing: /opt/satdump/share/satdump/pipelines/Cosmos.json
-- Installing: /opt/satdump/share/satdump/pipelines/JPSS.json
-- Installing: /opt/satdump/share/satdump/pipelines/TUBSAT.json
-- Installing: /opt/satdump/share/satdump/pipelines/Others.json
-- Installing: /opt/satdump/share/satdump/pipelines/ACE.json
-- Installing: /opt/satdump/share/satdump/pipelines/IM-1.json
-- Installing: /opt/satdump/share/satdump/pipelines/WSF-M.json
-- Installing: /opt/satdump/share/satdump/pipelines/VERONIKA.json
-- Installing: /opt/satdump/share/satdump/pipelines/Hinode.json
-- Installing: /opt/satdump/share/satdump/pipelines/ORX.json
-- Installing: /opt/satdump/share/satdump/pipelines/AWS.json
-- Installing: /opt/satdump/share/satdump/pipelines/Inmarsat.json
-- Installing: /opt/satdump/share/satdump/pipelines/Orion.json
-- Installing: /opt/satdump/share/satdump/pipelines/Integral.json
-- Installing: /opt/satdump/share/satdump/pipelines/Geoscan.json
-- Installing: /opt/satdump/share/satdump/pipelines/SpaceX.json
-- Installing: /opt/satdump/share/satdump/pipelines/NOAA.json
-- Installing: /opt/satdump/share/satdump/pipelines/XMM-Newton.json
-- Installing: /opt/satdump/share/satdump/pipelines/Chandrayaan.json
-- Installing: /opt/satdump/share/satdump/pipelines/Insat.json
-- Installing: /opt/satdump/share/satdump/pipelines/AIM.json
-- Up-to-date: /opt/satdump/share/satdump/resources
-- Up-to-date: /opt/satdump/share/satdump/resources/scripted_compos
-- Up-to-date: /opt/satdump/share/satdump/resources/scripted_compos/split_difference.lua
-- Up-to-date: /opt/satdump/share/satdump/resources/scripted_compos/mhs_snowfall.lua
-- Up-to-date: /opt/satdump/share/satdump/resources/scripted_compos/underlay_with_clouds_lut.lua
-- Installing: /opt/satdump/share/satdump/resources/scripted_compos/ndwi.lua
-- Up-to-date: /opt/satdump/share/satdump/resources/scripted_compos/NightFire.lua
-- Installing: /opt/satdump/share/satdump/resources/scripted_compos/ndvi.lua
-- Up-to-date: /opt/satdump/share/satdump/resources/scripted_compos/amsu_tpw.lua
-- Up-to-date: /opt/satdump/share/satdump/resources/scripted_compos/mhs_thunderstorm_detection.lua
-- Installing: /opt/satdump/share/satdump/resources/scripted_compos/sst_landmask.lua
-- Up-to-date: /opt/satdump/share/satdump/resources/icon.png
-- Up-to-date: /opt/satdump/share/satdump/resources/dcs
-- Up-to-date: /opt/satdump/share/satdump/resources/dcs/shef_codes.json
-- Up-to-date: /opt/satdump/share/satdump/resources/calibration
-- Up-to-date: /opt/satdump/share/satdump/resources/calibration/ATMS.cbor
-- Installing: /opt/satdump/share/satdump/resources/calibration/AVHRR.json
-- Up-to-date: /opt/satdump/share/satdump/resources/calibration/HIRS.json
-- Up-to-date: /opt/satdump/share/satdump/resources/calibration/modis_emissive_table_terra.cbor
-- Up-to-date: /opt/satdump/share/satdump/resources/calibration/modis_emissive_table_aqua.cbor
-- Up-to-date: /opt/satdump/share/satdump/resources/calibration/FCI_table.json
-- Up-to-date: /opt/satdump/share/satdump/resources/calibration/modis_table.json
-- Up-to-date: /opt/satdump/share/satdump/resources/calibration/AMSU-A.json
-- Up-to-date: /opt/satdump/share/satdump/resources/calibration/MHS.json
-- Installing: /opt/satdump/share/satdump/resources/calibration/SEVIRI_table.json
-- Up-to-date: /opt/satdump/share/satdump/resources/waterfall
-- Up-to-date: /opt/satdump/share/satdump/resources/waterfall/viridis.json
-- Up-to-date: /opt/satdump/share/satdump/resources/waterfall/turbo.json
-- Up-to-date: /opt/satdump/share/satdump/resources/waterfall/gqrx.json
-- Up-to-date: /opt/satdump/share/satdump/resources/waterfall/classic.json
-- Up-to-date: /opt/satdump/share/satdump/resources/proba
-- Up-to-date: /opt/satdump/share/satdump/resources/proba/swap
-- Up-to-date: /opt/satdump/share/satdump/resources/proba/swap/adc_mask.png
-- Up-to-date: /opt/satdump/share/satdump/resources/proba/swap/ffc_mask.png
-- Up-to-date: /opt/satdump/share/satdump/resources/satdump_is_this_old
-- Up-to-date: /opt/satdump/share/satdump/resources/projections_settings
-- Installing: /opt/satdump/share/satdump/resources/projections_settings/fengyun_d_mersi2.json
-- Installing: /opt/satdump/share/satdump/resources/projections_settings/meteor_m2-3_msumr_lrpt.json
-- Up-to-date: /opt/satdump/share/satdump/resources/projections_settings/meteor_m2_msumr.json
-- Up-to-date: /opt/satdump/share/satdump/resources/projections_settings/fengyun_abc_virr.json
-- Installing: /opt/satdump/share/satdump/resources/projections_settings/metop_abc_ascat_ch1.json
-- Installing: /opt/satdump/share/satdump/resources/projections_settings/jpss2_viirs_dnb.json
-- Up-to-date: /opt/satdump/share/satdump/resources/projections_settings/meteor_m2_msumr_lrpt.json
-- Up-to-date: /opt/satdump/share/satdump/resources/projections_settings/fengyun_g_mwrirm.json
-- Up-to-date: /opt/satdump/share/satdump/resources/projections_settings/meteor_m2-4_msumr_lrpt.json
-- Installing: /opt/satdump/share/satdump/resources/projections_settings/noaa_15_avhrr.json
-- Up-to-date: /opt/satdump/share/satdump/resources/projections_settings/aqua_airs.json
-- Installing: /opt/satdump/share/satdump/resources/projections_settings/terra_modis.json
-- Up-to-date: /opt/satdump/share/satdump/resources/projections_settings/noaa_19_mhs.json
-- Up-to-date: /opt/satdump/share/satdump/resources/projections_settings/aqua_ceres_fm4.json
-- Installing: /opt/satdump/share/satdump/resources/projections_settings/metop_abc_gome.json
-- Up-to-date: /opt/satdump/share/satdump/resources/projections_settings/fengyun_cde_mwhs2.json
-- Installing: /opt/satdump/share/satdump/resources/projections_settings/jpss1_viirs_dnb.json
-- Up-to-date: /opt/satdump/share/satdump/resources/projections_settings/metop_abc_iasi_img.json
-- Up-to-date: /opt/satdump/share/satdump/resources/projections_settings/fengyun_abc_erm.json
-- Up-to-date: /opt/satdump/share/satdump/resources/projections_settings/aqua_ceres_fm3.json
-- Up-to-date: /opt/satdump/share/satdump/resources/projections_settings/old
-- Up-to-date: /opt/satdump/share/satdump/resources/projections_settings/old/meteor_m2_msumr_lrpt.json
-- Installing: /opt/satdump/share/satdump/resources/projections_settings/metop_abc_ascat_ch2.json
-- Up-to-date: /opt/satdump/share/satdump/resources/projections_settings/fengyun_abcd_mwri1.json
-- Up-to-date: /opt/satdump/share/satdump/resources/projections_settings/fengyun_g_mersirm.json
-- Up-to-date: /opt/satdump/share/satdump/resources/projections_settings/meteor_m2-3_msumr.json
-- Up-to-date: /opt/satdump/share/satdump/resources/projections_settings/fengyun_ab_mwhs1.json
-- Installing: /opt/satdump/share/satdump/resources/projections_settings/fengyun_e_mersill.json
-- Installing: /opt/satdump/share/satdump/resources/projections_settings/metop_abc_avhrr.json
-- Up-to-date: /opt/satdump/share/satdump/resources/projections_settings/noaa_18_mhs.json
-- Up-to-date: /opt/satdump/share/satdump/resources/projections_settings/msg_seviri.json
-- Up-to-date: /opt/satdump/share/satdump/resources/projections_settings/noaa_19_avhrr.json
-- Installing: /opt/satdump/share/satdump/resources/projections_settings/metop_abc_ascat_ch3.json
-- Up-to-date: /opt/satdump/share/satdump/resources/projections_settings/fengyun_ab_mwts1.json
-- Up-to-date: /opt/satdump/share/satdump/resources/projections_settings/meteor_m2-2_kmss_msu100_2.json
-- Up-to-date: /opt/satdump/share/satdump/resources/projections_settings/meteor_m2-3_mtvza.json
-- Up-to-date: /opt/satdump/share/satdump/resources/projections_settings/noaa_amsu.json
-- Installing: /opt/satdump/share/satdump/resources/projections_settings/jpss1_viirs.json
-- Up-to-date: /opt/satdump/share/satdump/resources/projections_settings/metop_abc_amsu.json
-- Up-to-date: /opt/satdump/share/satdump/resources/projections_settings/meteor_m2-2_kmss_msu100_1.json
-- Up-to-date: /opt/satdump/share/satdump/resources/projections_settings/noaa_18_avhrr.json
-- Installing: /opt/satdump/share/satdump/resources/projections_settings/meteor_m2-4_msumr.json
-- Up-to-date: /opt/satdump/share/satdump/resources/projections_settings/wsfm_mwi.json
-- Up-to-date: /opt/satdump/share/satdump/resources/projections_settings/meteor_m2-4_mtvza.json
-- Up-to-date: /opt/satdump/share/satdump/resources/projections_settings/aqua_amsu.json
-- Installing: /opt/satdump/share/satdump/resources/projections_settings/metop_abc_ascat_ch5.json
-- Up-to-date: /opt/satdump/share/satdump/resources/projections_settings/fengyun_e_mwts3.json
-- Installing: /opt/satdump/share/satdump/resources/projections_settings/aws_sterna.json
-- Up-to-date: /opt/satdump/share/satdump/resources/projections_settings/fengyun_f_mwri2.json
-- Installing: /opt/satdump/share/satdump/resources/projections_settings/npp_viirs.json
-- Up-to-date: /opt/satdump/share/satdump/resources/projections_settings/meteor_m2-3_mtvza_dump.json
-- Up-to-date: /opt/satdump/share/satdump/resources/projections_settings/fengyun_d_mwts2.json
-- Installing: /opt/satdump/share/satdump/resources/projections_settings/fengyun_f_mersi3.json
-- Up-to-date: /opt/satdump/share/satdump/resources/projections_settings/jpss_atms.json
-- Installing: /opt/satdump/share/satdump/resources/projections_settings/aqua_modis.json
-- Up-to-date: /opt/satdump/share/satdump/resources/projections_settings/meteor_m2-2_msumr.json
-- Up-to-date: /opt/satdump/share/satdump/resources/projections_settings/noaa_hirs.json
-- Installing: /opt/satdump/share/satdump/resources/projections_settings/metop_abc_mhs.json
-- Installing: /opt/satdump/share/satdump/resources/projections_settings/metop_abc_ascat_ch4.json
-- Up-to-date: /opt/satdump/share/satdump/resources/projections_settings/meteor_m2-2_mtvza.json
-- Installing: /opt/satdump/share/satdump/resources/projections_settings/metop_abc_ascat_ch6.json
-- Installing: /opt/satdump/share/satdump/resources/projections_settings/npp_viirs_dnb.json
-- Up-to-date: /opt/satdump/share/satdump/resources/projections_settings/metop_abc_iasi.json
-- Installing: /opt/satdump/share/satdump/resources/projections_settings/jpss2_viirs.json
-- Up-to-date: /opt/satdump/share/satdump/resources/descriptions
-- Up-to-date: /opt/satdump/share/satdump/resources/descriptions/ConvectionLWIR.md
-- Up-to-date: /opt/satdump/share/satdump/resources/descriptions/MD.md
-- Up-to-date: /opt/satdump/share/satdump/resources/descriptions/ShortwaveIRFC.md
-- Up-to-date: /opt/satdump/share/satdump/resources/descriptions/ABILWIR.md
-- Up-to-date: /opt/satdump/share/satdump/resources/descriptions/CloudUnderlay.md
-- Up-to-date: /opt/satdump/share/satdump/resources/descriptions/ABIULWV.md
-- Up-to-date: /opt/satdump/share/satdump/resources/descriptions/MCIR_precip.md
-- Up-to-date: /opt/satdump/share/satdump/resources/descriptions/JJ.md
-- Up-to-date: /opt/satdump/share/satdump/resources/descriptions/JF.md
-- Up-to-date: /opt/satdump/share/satdump/resources/descriptions/CloudPhase.md
-- Up-to-date: /opt/satdump/share/satdump/resources/descriptions/NightFire.md
-- Up-to-date: /opt/satdump/share/satdump/resources/descriptions/atmsBrightnessTemp.md
-- Installing: /opt/satdump/share/satdump/resources/descriptions/SST.md
-- Up-to-date: /opt/satdump/share/satdump/resources/descriptions/NightMicro.md
-- Up-to-date: /opt/satdump/share/satdump/resources/descriptions/NDWI.md
-- Up-to-date: /opt/satdump/share/satdump/resources/descriptions/FireTempRGB.md
-- Up-to-date: /opt/satdump/share/satdump/resources/descriptions/sounders
-- Up-to-date: /opt/satdump/share/satdump/resources/descriptions/sounders/SnowcoverTransparent.md
-- Up-to-date: /opt/satdump/share/satdump/resources/descriptions/sounders/MTVZASoilMoisture.md
-- Up-to-date: /opt/satdump/share/satdump/resources/descriptions/sounders/HIRSFalseColor.md
-- Up-to-date: /opt/satdump/share/satdump/resources/descriptions/sounders/CloudOnlyN2O.md
-- Up-to-date: /opt/satdump/share/satdump/resources/descriptions/sounders/MTVZAVegetation.md
-- Up-to-date: /opt/satdump/share/satdump/resources/descriptions/sounders/MLWV.md
-- Up-to-date: /opt/satdump/share/satdump/resources/descriptions/sounders/LowTropoCO2H2OT.md
-- Up-to-date: /opt/satdump/share/satdump/resources/descriptions/sounders/TopTropoCO2T.md
-- Up-to-date: /opt/satdump/share/satdump/resources/descriptions/sounders/MHS421.md
-- Up-to-date: /opt/satdump/share/satdump/resources/descriptions/sounders/Thunderstorm.md
-- Up-to-date: /opt/satdump/share/satdump/resources/descriptions/sounders/Rainfall.md
-- Up-to-date: /opt/satdump/share/satdump/resources/descriptions/sounders/MidTropoCO2H2OT.md
-- Up-to-date: /opt/satdump/share/satdump/resources/descriptions/sounders/LLWV.md
-- Up-to-date: /opt/satdump/share/satdump/resources/descriptions/sounders/HighTropoCO2T.md
-- Up-to-date: /opt/satdump/share/satdump/resources/descriptions/sounders/ATMSFC.md
-- Up-to-date: /opt/satdump/share/satdump/resources/descriptions/sounders/MicrowaveAirmass.md
-- Up-to-date: /opt/satdump/share/satdump/resources/descriptions/sounders/LowStratoCO2T.md
-- Up-to-date: /opt/satdump/share/satdump/resources/descriptions/sounders/MidStratoCO2T.md
-- Up-to-date: /opt/satdump/share/satdump/resources/descriptions/sounders/CloudDetection.md
-- Up-to-date: /opt/satdump/share/satdump/resources/descriptions/sounders/RainfallTransparent.md
-- Up-to-date: /opt/satdump/share/satdump/resources/descriptions/sounders/SSEC89GHz.md
-- Up-to-date: /opt/satdump/share/satdump/resources/descriptions/sounders/MHS221.md
-- Up-to-date: /opt/satdump/share/satdump/resources/descriptions/CloudTopIR.md
-- Up-to-date: /opt/satdump/share/satdump/resources/descriptions/EC.md
-- Up-to-date: /opt/satdump/share/satdump/resources/descriptions/DustAsh.md
-- Up-to-date: /opt/satdump/share/satdump/resources/descriptions/Bathymetric.md
-- Up-to-date: /opt/satdump/share/satdump/resources/descriptions/MERSIAirmass.md
-- Up-to-date: /opt/satdump/share/satdump/resources/descriptions/MSA.md
-- Up-to-date: /opt/satdump/share/satdump/resources/descriptions/321.md
-- Up-to-date: /opt/satdump/share/satdump/resources/descriptions/Agriculture.md
-- Up-to-date: /opt/satdump/share/satdump/resources/descriptions/Geology.md
-- Installing: /opt/satdump/share/satdump/resources/descriptions/DayCloudsConv.md
-- Up-to-date: /opt/satdump/share/satdump/resources/descriptions/MB.md
-- Up-to-date: /opt/satdump/share/satdump/resources/descriptions/CC.md
-- Up-to-date: /opt/satdump/share/satdump/resources/descriptions/221.md
-- Up-to-date: /opt/satdump/share/satdump/resources/descriptions/ThermalCal.md
-- Up-to-date: /opt/satdump/share/satdump/resources/descriptions/ABICleanLWIR.md
-- Up-to-date: /opt/satdump/share/satdump/resources/descriptions/HVC.md
-- Up-to-date: /opt/satdump/share/satdump/resources/descriptions/HE.md
-- Up-to-date: /opt/satdump/share/satdump/resources/descriptions/Cirrus.md
-- Up-to-date: /opt/satdump/share/satdump/resources/descriptions/NO.md
-- Up-to-date: /opt/satdump/share/satdump/resources/descriptions/ColorGeneralIR.md
-- Up-to-date: /opt/satdump/share/satdump/resources/descriptions/MCIR.md
-- Up-to-date: /opt/satdump/share/satdump/resources/descriptions/NOAANatColor.md
-- Up-to-date: /opt/satdump/share/satdump/resources/descriptions/543b.md
-- Up-to-date: /opt/satdump/share/satdump/resources/descriptions/ThermalUncal.md
-- Up-to-date: /opt/satdump/share/satdump/resources/descriptions/3b45.md
-- Up-to-date: /opt/satdump/share/satdump/resources/descriptions/ABIMLWV.md
-- Up-to-date: /opt/satdump/share/satdump/resources/descriptions/ABISW.md
-- Up-to-date: /opt/satdump/share/satdump/resources/descriptions/124.md
-- Up-to-date: /opt/satdump/share/satdump/resources/descriptions/CIR.md
-- Up-to-date: /opt/satdump/share/satdump/resources/descriptions/HF.md
-- Up-to-date: /opt/satdump/share/satdump/resources/descriptions/EnhancedIR.md
-- Up-to-date: /opt/satdump/share/satdump/resources/descriptions/ABIDirtyLWIR.md
-- Up-to-date: /opt/satdump/share/satdump/resources/descriptions/BD.md
-- Up-to-date: /opt/satdump/share/satdump/resources/descriptions/CloudType.md
-- Up-to-date: /opt/satdump/share/satdump/resources/descriptions/DayMicro.md
-- Up-to-date: /opt/satdump/share/satdump/resources/descriptions/NDVI.md
-- Up-to-date: /opt/satdump/share/satdump/resources/descriptions/Snow.md
-- Up-to-date: /opt/satdump/share/satdump/resources/descriptions/ZA.md
-- Up-to-date: /opt/satdump/share/satdump/resources/descriptions/Panchromatic.md
-- Up-to-date: /opt/satdump/share/satdump/resources/descriptions/img
-- Up-to-date: /opt/satdump/share/satdump/resources/descriptions/img/NightMicro.png
-- Up-to-date: /opt/satdump/share/satdump/resources/descriptions/img/Dvorak.png
-- Up-to-date: /opt/satdump/share/satdump/resources/descriptions/img/ABIUpperLevelWater.png
-- Up-to-date: /opt/satdump/share/satdump/resources/descriptions/img/dustash.png
-- Up-to-date: /opt/satdump/share/satdump/resources/descriptions/img/ColorGeneralIRtempscale.png
-- Up-to-date: /opt/satdump/share/satdump/resources/descriptions/img/AVHRRtempscale.png
-- Up-to-date: /opt/satdump/share/satdump/resources/descriptions/img/cloudphase.jpg
-- Up-to-date: /opt/satdump/share/satdump/resources/descriptions/img/firetemp.jpg
-- Up-to-date: /opt/satdump/share/satdump/resources/descriptions/img/atmsBrightTempDescription.png
-- Up-to-date: /opt/satdump/share/satdump/resources/descriptions/img/ABIMidLevelWater.png
-- Up-to-date: /opt/satdump/share/satdump/resources/descriptions/img/DayMicro.png
-- Up-to-date: /opt/satdump/share/satdump/resources/descriptions/img/CloudTopIRScale.png
-- Up-to-date: /opt/satdump/share/satdump/resources/descriptions/img/NightFire.png
-- Up-to-date: /opt/satdump/share/satdump/resources/descriptions/NatColor.md
-- Up-to-date: /opt/satdump/share/satdump/resources/descriptions/4221merge.md
-- Up-to-date: /opt/satdump/share/satdump/resources/descriptions/TA.md
-- Up-to-date: /opt/satdump/share/satdump/resources/descriptions/TrueColor.md
-- Up-to-date: /opt/satdump/share/satdump/resources/fonts
-- Up-to-date: /opt/satdump/share/satdump/resources/fonts/font.ttf
-- Up-to-date: /opt/satdump/share/satdump/resources/fonts/GloriaHallelujah-Regular.ttf
-- Up-to-date: /opt/satdump/share/satdump/resources/fonts/Roboto-Medium.ttf
-- Up-to-date: /opt/satdump/share/satdump/resources/fonts/px_sans_nouveaux.ttf
-- Up-to-date: /opt/satdump/share/satdump/resources/fonts/LiberationSerif-Regular.ttf
-- Up-to-date: /opt/satdump/share/satdump/resources/fonts/Perfect-DOS-VGA-437-Win.ttf
-- Up-to-date: /opt/satdump/share/satdump/resources/fonts/Roboto-Regular.png
-- Up-to-date: /opt/satdump/share/satdump/resources/themes
-- Installing: /opt/satdump/share/satdump/resources/themes/Solaris-Motif.json
-- Installing: /opt/satdump/share/satdump/resources/themes/Phosphor.json
-- Installing: /opt/satdump/share/satdump/resources/themes/HiContrast-Light.json
-- Installing: /opt/satdump/share/satdump/resources/themes/Win98.json
-- Installing: /opt/satdump/share/satdump/resources/themes/Light.json
-- Installing: /opt/satdump/share/satdump/resources/themes/GraphicDesign.json
-- Installing: /opt/satdump/share/satdump/resources/themes/Dark.json
-- Up-to-date: /opt/satdump/share/satdump/resources/lut
-- Up-to-date: /opt/satdump/share/satdump/resources/lut/goes
-- Up-to-date: /opt/satdump/share/satdump/resources/lut/goes/abi
-- Up-to-date: /opt/satdump/share/satdump/resources/lut/goes/abi/L2
-- Up-to-date: /opt/satdump/share/satdump/resources/lut/goes/abi/L2/sst.png
-- Up-to-date: /opt/satdump/share/satdump/resources/lut/goes/abi/L2/rrqpe.png
-- Up-to-date: /opt/satdump/share/satdump/resources/lut/goes/abi/L2/sst_transparent.png
-- Up-to-date: /opt/satdump/share/satdump/resources/lut/goes/abi/L2/tpw.png
-- Up-to-date: /opt/satdump/share/satdump/resources/lut/goes/abi/L2/lst_transparent_tmbates.png
-- Up-to-date: /opt/satdump/share/satdump/resources/lut/goes/abi/L2/lst_transparent.png
-- Up-to-date: /opt/satdump/share/satdump/resources/lut/goes/abi/L2/acht.png
-- Up-to-date: /opt/satdump/share/satdump/resources/lut/goes/abi/L2/sst_transparent_tmbates.png
-- Up-to-date: /opt/satdump/share/satdump/resources/lut/goes/abi/L2/lst_tmbates.png
-- Up-to-date: /opt/satdump/share/satdump/resources/lut/goes/abi/L2/dsi-cape.png
-- Up-to-date: /opt/satdump/share/satdump/resources/lut/goes/abi/L2/rrqpe_transparent.png
-- Up-to-date: /opt/satdump/share/satdump/resources/lut/goes/abi/L2/sst_tmbates.png
-- Up-to-date: /opt/satdump/share/satdump/resources/lut/goes/abi/L2/acha.png
-- Up-to-date: /opt/satdump/share/satdump/resources/lut/goes/abi/L2/lst.png
-- Up-to-date: /opt/satdump/share/satdump/resources/lut/goes/abi/wxstar
-- Up-to-date: /opt/satdump/share/satdump/resources/lut/goes/abi/wxstar/ch2_curve.png
-- Up-to-date: /opt/satdump/share/satdump/resources/lut/goes/abi/wxstar/lut.png
-- Up-to-date: /opt/satdump/share/satdump/resources/lut/goes/abi/wxstar/README.md
-- Up-to-date: /opt/satdump/share/satdump/resources/lut/goes/abi/usradioguycustomlut.png
-- Up-to-date: /opt/satdump/share/satdump/resources/lut/goes/gvar
-- Up-to-date: /opt/satdump/share/satdump/resources/lut/goes/gvar/curve_goesn.png
-- Up-to-date: /opt/satdump/share/satdump/resources/lut/goes/gvar/lut.png
-- Up-to-date: /opt/satdump/share/satdump/resources/lut/goes/gvar/goes15_gvar_lut.txt
-- Up-to-date: /opt/satdump/share/satdump/resources/lut/goes/gvar/README.md
-- Installing: /opt/satdump/share/satdump/resources/lut/goes/gvar/goes13_gvar_lut.txt
-- Up-to-date: /opt/satdump/share/satdump/resources/lut/goes/gvar/goes14_gvar_lut.txt
-- Up-to-date: /opt/satdump/share/satdump/resources/lut/WXtoImg-CC.png
-- Up-to-date: /opt/satdump/share/satdump/resources/lut/WXtoImg-HF.png
-- Up-to-date: /opt/satdump/share/satdump/resources/lut/WXtoImg-NO_mod_APT.png
-- Up-to-date: /opt/satdump/share/satdump/resources/lut/WXtoImg-NO_mod_meteor.png
-- Up-to-date: /opt/satdump/share/satdump/resources/lut/NDWI.png
-- Up-to-date: /opt/satdump/share/satdump/resources/lut/WXtoImg-ZA.png
-- Up-to-date: /opt/satdump/share/satdump/resources/lut/WXtoImg-sea.png
-- Up-to-date: /opt/satdump/share/satdump/resources/lut/WXtoImg-fire.png
-- Up-to-date: /opt/satdump/share/satdump/resources/lut/WXtoImg-NO_mod.png
-- Up-to-date: /opt/satdump/share/satdump/resources/lut/Multispectral.png
-- Up-to-date: /opt/satdump/share/satdump/resources/lut/cal
-- Up-to-date: /opt/satdump/share/satdump/resources/lut/cal/purpleorange.png
-- Up-to-date: /opt/satdump/share/satdump/resources/lut/cal/redtowhite.png
-- Up-to-date: /opt/satdump/share/satdump/resources/lut/cal/abi_ir_7.png
-- Up-to-date: /opt/satdump/share/satdump/resources/lut/cal/WXCharts.png
-- Up-to-date: /opt/satdump/share/satdump/resources/lut/cal/abi_ir_11-15_transparent.png
-- Up-to-date: /opt/satdump/share/satdump/resources/lut/cal/WXtoImg-CC.png
-- Up-to-date: /opt/satdump/share/satdump/resources/lut/cal/WXtoImg-HF.png
-- Up-to-date: /opt/satdump/share/satdump/resources/lut/cal/abi_ir_11-15.png
-- Up-to-date: /opt/satdump/share/satdump/resources/lut/cal/abi_split_difference.png
-- Up-to-date: /opt/satdump/share/satdump/resources/lut/cal/WXtoImg-ZA.png
-- Up-to-date: /opt/satdump/share/satdump/resources/lut/cal/atmsBrightTemp.png
-- Up-to-date: /opt/satdump/share/satdump/resources/lut/cal/ConvectionLWIR.png
-- Up-to-date: /opt/satdump/share/satdump/resources/lut/cal/Multispectral.png
-- Up-to-date: /opt/satdump/share/satdump/resources/lut/cal/WXtoImg-HE.png
-- Up-to-date: /opt/satdump/share/satdump/resources/lut/cal/WXtoImg-EC.png
-- Up-to-date: /opt/satdump/share/satdump/resources/lut/cal/IR108-IR97-30+50.png
-- Up-to-date: /opt/satdump/share/satdump/resources/lut/cal/WXtoImg-JF.png
-- Up-to-date: /opt/satdump/share/satdump/resources/lut/cal/WXtoImg-MD.png
-- Up-to-date: /opt/satdump/share/satdump/resources/lut/cal/bluered.png
-- Up-to-date: /opt/satdump/share/satdump/resources/lut/cal/fog_btd.png
-- Up-to-date: /opt/satdump/share/satdump/resources/lut/cal/WXtoImg-BD.png
-- Up-to-date: /opt/satdump/share/satdump/resources/lut/cal/ssec_amsu.png
-- Up-to-date: /opt/satdump/share/satdump/resources/lut/cal/WXtoImg-TA.png
-- Up-to-date: /opt/satdump/share/satdump/resources/lut/cal/star_abi_wv_8-10.png
-- Up-to-date: /opt/satdump/share/satdump/resources/lut/cal/CIMSSLUT.png
-- Up-to-date: /opt/satdump/share/satdump/resources/lut/cal/IR108-IR62-10+50.png
-- Up-to-date: /opt/satdump/share/satdump/resources/lut/cal/CloudTopIR.png
-- Up-to-date: /opt/satdump/share/satdump/resources/lut/cal/IR12-IR108-7+7.png
-- Up-to-date: /opt/satdump/share/satdump/resources/lut/cal/EnhancedIR.png
-- Up-to-date: /opt/satdump/share/satdump/resources/lut/cal/WXtoImg-MB.png
-- Up-to-date: /opt/satdump/share/satdump/resources/lut/cal/abi_wv_8-10.png
-- Up-to-date: /opt/satdump/share/satdump/resources/lut/cal/Dirty_IR_CIRA.png
-- Up-to-date: /opt/satdump/share/satdump/resources/lut/cal/WXtoImg-JJ.png
-- Up-to-date: /opt/satdump/share/satdump/resources/lut/cal/abi_ir_7_transparent.png
-- Up-to-date: /opt/satdump/share/satdump/resources/lut/cal/WXtoImg-NO.png
-- Up-to-date: /opt/satdump/share/satdump/resources/lut/WXtoImg-HE.png
-- Up-to-date: /opt/satdump/share/satdump/resources/lut/WXtoImg-EC.png
-- Up-to-date: /opt/satdump/share/satdump/resources/lut/WXtoImg-JF.png
-- Up-to-date: /opt/satdump/share/satdump/resources/lut/WXtoImg-MD.png
-- Up-to-date: /opt/satdump/share/satdump/resources/lut/WXtoImg-BD.png
-- Up-to-date: /opt/satdump/share/satdump/resources/lut/NDVI.png
-- Up-to-date: /opt/satdump/share/satdump/resources/lut/WXtoImg-TA.png
-- Up-to-date: /opt/satdump/share/satdump/resources/lut/WXtoImg-class.png
-- Up-to-date: /opt/satdump/share/satdump/resources/lut/WXtoImg-MB.png
-- Up-to-date: /opt/satdump/share/satdump/resources/lut/WXtoImg-HVC-1.png
-- Up-to-date: /opt/satdump/share/satdump/resources/lut/WXtoImg-JJ.png
-- Up-to-date: /opt/satdump/share/satdump/resources/lut/WXtoImg-HVC-2.png
-- Up-to-date: /opt/satdump/share/satdump/resources/sddc
-- Up-to-date: /opt/satdump/share/satdump/resources/sddc/SDDC_FX3.img
-- Installing: /opt/satdump/share/satdump/resources/fy2
-- Installing: /opt/satdump/share/satdump/resources/fy2/svissr
-- Installing: /opt/satdump/share/satdump/resources/fy2/svissr/lut.png
-- Installing: /opt/satdump/share/satdump/resources/fy2/svissr/README.md
-- Up-to-date: /opt/satdump/share/satdump/resources/maps
-- Installing: /opt/satdump/share/satdump/resources/maps/ne_10m_populated_places_simple.json
-- Up-to-date: /opt/satdump/share/satdump/resources/maps/nasa_hd.jpg
-- Installing: /opt/satdump/share/satdump/resources/maps/landmask.jpg
-- Up-to-date: /opt/satdump/share/satdump/resources/maps/ne_10m_admin_0_countries.shp
-- Up-to-date: /opt/satdump/share/satdump/resources/maps/nasa_night.jpg
-- Up-to-date: /opt/satdump/share/satdump/resources/maps/ne_10m_coastline.shp
-- Up-to-date: /opt/satdump/share/satdump/resources/maps/nasa.jpg
-- Installing: /opt/satdump/share/satdump/resources/credits.md
-- Up-to-date: /opt/satdump/share/satdump/resources/opencl
-- Up-to-date: /opt/satdump/share/satdump/resources/opencl/warp_image_thin_plate_spline_fp32.cl
-- Up-to-date: /opt/satdump/share/satdump/resources/opencl/reproj_image_merc_to_equ_fp32.cl
-- Up-to-date: /opt/satdump/share/satdump/resources/opencl/warp_image_thin_plate_spline_fp64.cl
-- Up-to-date: /opt/satdump/share/satdump/resources/opencl/reproj_image_equ_to_stereo_fp32.cl
-- Up-to-date: /opt/satdump/share/satdump/resources/opencl/reproj_image_geos_to_equ_fp32.cl
-- Up-to-date: /opt/satdump/share/satdump/resources/opencl/reproj_image_equ_to_tpers_fp32.cl
-- Up-to-date: /opt/satdump/share/satdump/resources/opencl/generic_correlator.cl
-- Up-to-date: /opt/satdump/share/satdump/resources/opencl/reproj_image_equ_to_azeq_fp32.cl
-- Installing: /opt/satdump/share/satdump/satdump_cfg.json
-- Up-to-date: /opt/satdump/share/satdump/icon.png
-- Installing: /opt/satdump/share/applications/satdump.desktop
-- Installing: /opt/satdump/lib/libsatdump_core.so
-- Set runtime path of "/opt/satdump/lib/libsatdump_core.so" to ""
-- Up-to-date: /opt/satdump/include/satdump/.
-- Up-to-date: /opt/satdump/include/satdump/./libs
-- Up-to-date: /opt/satdump/include/satdump/./libs/ctpl
-- Up-to-date: /opt/satdump/include/satdump/./libs/ctpl/ctpl_stl.h
-- Up-to-date: /opt/satdump/include/satdump/./libs/bzlib
-- Up-to-date: /opt/satdump/include/satdump/./libs/bzlib/bzlib_private.h
-- Up-to-date: /opt/satdump/include/satdump/./libs/bzlib/bz_version.h
-- Up-to-date: /opt/satdump/include/satdump/./libs/bzlib/bzlib.h
-- Up-to-date: /opt/satdump/include/satdump/./libs/others
-- Up-to-date: /opt/satdump/include/satdump/./libs/others/strptime.h
-- Up-to-date: /opt/satdump/include/satdump/./libs/aec
-- Up-to-date: /opt/satdump/include/satdump/./libs/aec/encode_accessors.h
-- Up-to-date: /opt/satdump/include/satdump/./libs/aec/libaec.h
-- Up-to-date: /opt/satdump/include/satdump/./libs/aec/encode.h
-- Up-to-date: /opt/satdump/include/satdump/./libs/aec/szlib.h
-- Up-to-date: /opt/satdump/include/satdump/./libs/aec/config.h
-- Up-to-date: /opt/satdump/include/satdump/./libs/aec/decode.h
-- Up-to-date: /opt/satdump/include/satdump/./libs/muparser
-- Up-to-date: /opt/satdump/include/satdump/./libs/muparser/muParserDef.h
-- Up-to-date: /opt/satdump/include/satdump/./libs/muparser/muParserBase.h
-- Up-to-date: /opt/satdump/include/satdump/./libs/muparser/muParserFixes.h
-- Up-to-date: /opt/satdump/include/satdump/./libs/muparser/muParserTokenReader.h
-- Up-to-date: /opt/satdump/include/satdump/./libs/muparser/muParserToken.h
-- Up-to-date: /opt/satdump/include/satdump/./libs/muparser/muParserTemplateMagic.h
-- Up-to-date: /opt/satdump/include/satdump/./libs/muparser/muParserTest.h
-- Up-to-date: /opt/satdump/include/satdump/./libs/muparser/muParserCallback.h
-- Up-to-date: /opt/satdump/include/satdump/./libs/muparser/muParser.h
-- Up-to-date: /opt/satdump/include/satdump/./libs/muparser/muParserBytecode.h
-- Up-to-date: /opt/satdump/include/satdump/./libs/muparser/muParserInt.h
-- Up-to-date: /opt/satdump/include/satdump/./libs/muparser/muParserError.h
-- Up-to-date: /opt/satdump/include/satdump/./libs/muparser/muParserDLL.h
-- Up-to-date: /opt/satdump/include/satdump/./libs/miniz
-- Up-to-date: /opt/satdump/include/satdump/./libs/miniz/miniz.h
-- Up-to-date: /opt/satdump/include/satdump/./libs/miniz/miniz_tinfl.h
-- Up-to-date: /opt/satdump/include/satdump/./libs/miniz/miniz_zip.h
-- Up-to-date: /opt/satdump/include/satdump/./libs/miniz/miniz_common.h
-- Up-to-date: /opt/satdump/include/satdump/./libs/miniz/miniz_tdef.h
-- Up-to-date: /opt/satdump/include/satdump/./libs/miniz/miniz_export.h
-- Installing: /opt/satdump/include/satdump/./libs/lua
-- Installing: /opt/satdump/include/satdump/./libs/lua/ldo.h
-- Installing: /opt/satdump/include/satdump/./libs/lua/lvm.h
-- Installing: /opt/satdump/include/satdump/./libs/lua/lmem.h
-- Installing: /opt/satdump/include/satdump/./libs/lua/ltm.h
-- Installing: /opt/satdump/include/satdump/./libs/lua/llex.h
-- Installing: /opt/satdump/include/satdump/./libs/lua/lualib.h
-- Installing: /opt/satdump/include/satdump/./libs/lua/lfunc.h
-- Installing: /opt/satdump/include/satdump/./libs/lua/lgc.h
-- Installing: /opt/satdump/include/satdump/./libs/lua/lzio.h
-- Installing: /opt/satdump/include/satdump/./libs/lua/lobject.h
-- Installing: /opt/satdump/include/satdump/./libs/lua/lcode.h
-- Installing: /opt/satdump/include/satdump/./libs/lua/lundump.h
-- Installing: /opt/satdump/include/satdump/./libs/lua/lprefix.h
-- Installing: /opt/satdump/include/satdump/./libs/lua/lctype.h
-- Installing: /opt/satdump/include/satdump/./libs/lua/lauxlib.h
-- Installing: /opt/satdump/include/satdump/./libs/lua/lparser.h
-- Installing: /opt/satdump/include/satdump/./libs/lua/ldebug.h
-- Installing: /opt/satdump/include/satdump/./libs/lua/ltests.h
-- Installing: /opt/satdump/include/satdump/./libs/lua/ltable.h
-- Installing: /opt/satdump/include/satdump/./libs/lua/lapi.h
-- Installing: /opt/satdump/include/satdump/./libs/lua/lstate.h
-- Installing: /opt/satdump/include/satdump/./libs/lua/lopnames.h
-- Installing: /opt/satdump/include/satdump/./libs/lua/llimits.h
-- Installing: /opt/satdump/include/satdump/./libs/lua/lopcodes.h
-- Installing: /opt/satdump/include/satdump/./libs/lua/lua.h
-- Installing: /opt/satdump/include/satdump/./libs/lua/lstring.h
-- Installing: /opt/satdump/include/satdump/./libs/lua/ljumptab.h
-- Installing: /opt/satdump/include/satdump/./libs/lua/luaconf.h
-- Up-to-date: /opt/satdump/include/satdump/./libs/base64
-- Up-to-date: /opt/satdump/include/satdump/./libs/base64/base64.h
-- Up-to-date: /opt/satdump/include/satdump/./libs/correct
-- Up-to-date: /opt/satdump/include/satdump/./libs/correct/reed-solomon
-- Up-to-date: /opt/satdump/include/satdump/./libs/correct/reed-solomon/encode.h
-- Up-to-date: /opt/satdump/include/satdump/./libs/correct/reed-solomon/polynomial.h
-- Up-to-date: /opt/satdump/include/satdump/./libs/correct/reed-solomon/reed-solomon.h
-- Up-to-date: /opt/satdump/include/satdump/./libs/correct/reed-solomon/field.h
-- Up-to-date: /opt/satdump/include/satdump/./libs/correct/reed-solomon/decode.h
-- Up-to-date: /opt/satdump/include/satdump/./libs/correct/correct.h
-- Up-to-date: /opt/satdump/include/satdump/./libs/correct/portable.h
-- Up-to-date: /opt/satdump/include/satdump/./libs/correct/reed-solomon.h
-- Up-to-date: /opt/satdump/include/satdump/./libs/libopencl_loader
-- Up-to-date: /opt/satdump/include/satdump/./libs/libopencl_loader/opencl_loader.h
-- Up-to-date: /opt/satdump/include/satdump/./libs/libopencl_loader/CL
-- Up-to-date: /opt/satdump/include/satdump/./libs/libopencl_loader/CL/opencl.h
-- Up-to-date: /opt/satdump/include/satdump/./libs/libopencl_loader/CL/cl_ext.h
-- Up-to-date: /opt/satdump/include/satdump/./libs/libopencl_loader/CL/cl_egl.h
-- Up-to-date: /opt/satdump/include/satdump/./libs/libopencl_loader/CL/cl_gl_ext.h
-- Up-to-date: /opt/satdump/include/satdump/./libs/libopencl_loader/CL/cl_gl.h
-- Up-to-date: /opt/satdump/include/satdump/./libs/libopencl_loader/CL/cl.h
-- Up-to-date: /opt/satdump/include/satdump/./libs/libopencl_loader/CL/cl_platform.h
-- Up-to-date: /opt/satdump/include/satdump/./libs/libopencl_loader/opencl_header_private.h
-- Up-to-date: /opt/satdump/include/satdump/./libs/openjp2
-- Up-to-date: /opt/satdump/include/satdump/./libs/openjp2/function_list.h
-- Up-to-date: /opt/satdump/include/satdump/./libs/openjp2/opj_common.h
-- Up-to-date: /opt/satdump/include/satdump/./libs/openjp2/opj_includes.h
-- Up-to-date: /opt/satdump/include/satdump/./libs/openjp2/jp2.h
-- Up-to-date: /opt/satdump/include/satdump/./libs/openjp2/j2k.h
-- Up-to-date: /opt/satdump/include/satdump/./libs/openjp2/opj_stdint.h
-- Up-to-date: /opt/satdump/include/satdump/./libs/openjp2/opj_config_private.h
-- Up-to-date: /opt/satdump/include/satdump/./libs/openjp2/tgt.h
-- Up-to-date: /opt/satdump/include/satdump/./libs/openjp2/invert.h
-- Up-to-date: /opt/satdump/include/satdump/./libs/openjp2/pi.h
-- Up-to-date: /opt/satdump/include/satdump/./libs/openjp2/tcd.h
-- Up-to-date: /opt/satdump/include/satdump/./libs/openjp2/t1_ht_luts.h
-- Up-to-date: /opt/satdump/include/satdump/./libs/openjp2/sparse_array.h
-- Up-to-date: /opt/satdump/include/satdump/./libs/openjp2/opj_config.h
-- Up-to-date: /opt/satdump/include/satdump/./libs/openjp2/event.h
-- Up-to-date: /opt/satdump/include/satdump/./libs/openjp2/dwt.h
-- Up-to-date: /opt/satdump/include/satdump/./libs/openjp2/cio.h
-- Up-to-date: /opt/satdump/include/satdump/./libs/openjp2/tls_keys.h
-- Up-to-date: /opt/satdump/include/satdump/./libs/openjp2/t2.h
-- Up-to-date: /opt/satdump/include/satdump/./libs/openjp2/thread.h
-- Up-to-date: /opt/satdump/include/satdump/./libs/openjp2/bio.h
-- Up-to-date: /opt/satdump/include/satdump/./libs/openjp2/opj_codec.h
-- Up-to-date: /opt/satdump/include/satdump/./libs/openjp2/image.h
-- Up-to-date: /opt/satdump/include/satdump/./libs/openjp2/mqc.h
-- Up-to-date: /opt/satdump/include/satdump/./libs/openjp2/t1.h
-- Up-to-date: /opt/satdump/include/satdump/./libs/openjp2/openjpeg.h
-- Up-to-date: /opt/satdump/include/satdump/./libs/openjp2/opj_clock.h
-- Up-to-date: /opt/satdump/include/satdump/./libs/openjp2/t1_luts.h
-- Up-to-date: /opt/satdump/include/satdump/./libs/openjp2/mct.h
-- Up-to-date: /opt/satdump/include/satdump/./libs/openjp2/mqc_inl.h
-- Up-to-date: /opt/satdump/include/satdump/./libs/openjp2/opj_inttypes.h
-- Up-to-date: /opt/satdump/include/satdump/./libs/openjp2/opj_intmath.h
-- Up-to-date: /opt/satdump/include/satdump/./libs/openjp2/opj_malloc.h
-- Up-to-date: /opt/satdump/include/satdump/./libs/qoi.h
-- Up-to-date: /opt/satdump/include/satdump/./libs/deepspace-turbo
-- Up-to-date: /opt/satdump/include/satdump/./libs/deepspace-turbo/libconvcodes.h
-- Up-to-date: /opt/satdump/include/satdump/./libs/deepspace-turbo/libturbocodes.h
-- Up-to-date: /opt/satdump/include/satdump/./libs/dlfcn
-- Up-to-date: /opt/satdump/include/satdump/./libs/dlfcn/dlfcn.h
-- Up-to-date: /opt/satdump/include/satdump/./libs/predict
-- Up-to-date: /opt/satdump/include/satdump/./libs/predict/sdp4.h
-- Up-to-date: /opt/satdump/include/satdump/./libs/predict/defs.h
-- Up-to-date: /opt/satdump/include/satdump/./libs/predict/sun.h
-- Up-to-date: /opt/satdump/include/satdump/./libs/predict/sgp4.h
-- Installing: /opt/satdump/include/satdump/./libs/predict/predict.h
-- Up-to-date: /opt/satdump/include/satdump/./libs/predict/unsorted.h
-- Up-to-date: /opt/satdump/include/satdump/./libs/jpeg12
-- Up-to-date: /opt/satdump/include/satdump/./libs/jpeg12/jmemsys12.h
-- Up-to-date: /opt/satdump/include/satdump/./libs/jpeg12/jlossy12.h
-- Up-to-date: /opt/satdump/include/satdump/./libs/jpeg12/jpegint12.h
-- Up-to-date: /opt/satdump/include/satdump/./libs/jpeg12/jversion12.h
-- Up-to-date: /opt/satdump/include/satdump/./libs/jpeg12/jdct12.h
-- Up-to-date: /opt/satdump/include/satdump/./libs/jpeg12/jlossls12.h
-- Up-to-date: /opt/satdump/include/satdump/./libs/jpeg12/jerror12.h
-- Up-to-date: /opt/satdump/include/satdump/./libs/jpeg12/jpeglib12.h
-- Up-to-date: /opt/satdump/include/satdump/./libs/jpeg12/jmorecfg12.h
-- Up-to-date: /opt/satdump/include/satdump/./libs/jpeg12/jconfig12.h
-- Up-to-date: /opt/satdump/include/satdump/./libs/jpeg12/jchuff12.h
-- Up-to-date: /opt/satdump/include/satdump/./libs/jpeg12/jdhuff12.h
-- Up-to-date: /opt/satdump/include/satdump/./libs/jpeg12/jinclude12.h
-- Installing: /opt/satdump/include/satdump/./libs/sol2
-- Up-to-date: /opt/satdump/include/satdump/./libs/jpeg
-- Up-to-date: /opt/satdump/include/satdump/./libs/jpeg/jconfig.h
-- Up-to-date: /opt/satdump/include/satdump/./libs/jpeg/jlossls.h
-- Up-to-date: /opt/satdump/include/satdump/./libs/jpeg/jchuff.h
-- Up-to-date: /opt/satdump/include/satdump/./libs/jpeg/jdct.h
-- Up-to-date: /opt/satdump/include/satdump/./libs/jpeg/jinclude.h
-- Up-to-date: /opt/satdump/include/satdump/./libs/jpeg/jmorecfg.h
-- Up-to-date: /opt/satdump/include/satdump/./libs/jpeg/jversion.h
-- Up-to-date: /opt/satdump/include/satdump/./libs/jpeg/jpegint.h
-- Up-to-date: /opt/satdump/include/satdump/./libs/jpeg/jerror.h
-- Up-to-date: /opt/satdump/include/satdump/./libs/jpeg/jlossy.h
-- Up-to-date: /opt/satdump/include/satdump/./libs/jpeg/jdhuff.h
-- Up-to-date: /opt/satdump/include/satdump/./libs/jpeg/jmemsys.h
-- Up-to-date: /opt/satdump/include/satdump/./libs/jpeg/jpeglib.h
-- Up-to-date: /opt/satdump/include/satdump/./nlohmann
-- Up-to-date: /opt/satdump/include/satdump/./nlohmann/json_utils.h
-- Installing: /opt/satdump/include/satdump/./init.h
-- Installing: /opt/satdump/include/satdump/./logger.h
-- Up-to-date: /opt/satdump/include/satdump/./dll_export.h
-- Installing: /opt/satdump/include/satdump/./resources.h
-- Installing: /opt/satdump/include/satdump/./satdump_vars.h
-- Up-to-date: /opt/satdump/include/satdump/./imgui
-- Up-to-date: /opt/satdump/include/satdump/./imgui/imgui_markdown.h
-- Up-to-date: /opt/satdump/include/satdump/./imgui/imgui_flags.h
-- Up-to-date: /opt/satdump/include/satdump/./imgui/implot
-- Installing: /opt/satdump/include/satdump/./imgui/implot/implot.h
-- Installing: /opt/satdump/include/satdump/./imgui/implot/implot_internal.h
-- Up-to-date: /opt/satdump/include/satdump/./imgui/imgui_stdlib.h
-- Installing: /opt/satdump/include/satdump/./imgui/imconfig.h
-- Installing: /opt/satdump/include/satdump/./imgui/pfd
-- Installing: /opt/satdump/include/satdump/./imgui/pfd/portable-file-dialogs.h
-- Installing: /opt/satdump/include/satdump/./imgui/pfd/widget.h
-- Installing: /opt/satdump/include/satdump/./imgui/pfd/pfd_utils.h
-- Installing: /opt/satdump/include/satdump/./imgui/pfd/android_dialogs.h
-- Installing: /opt/satdump/include/satdump/./imgui/imstb_textedit.h
-- Installing: /opt/satdump/include/satdump/./imgui/imgui.h
-- Installing: /opt/satdump/include/satdump/./imgui/imgui_internal.h
-- Up-to-date: /opt/satdump/include/satdump/./imgui/imgui_image.h
-- Up-to-date: /opt/satdump/include/satdump/./imgui/imstb_rectpack.h
-- Installing: /opt/satdump/include/satdump/./imgui/imstb_truetype.h
-- Installing: /opt/satdump/include/satdump/./modules
-- Installing: /opt/satdump/include/satdump/./modules/network
-- Installing: /opt/satdump/include/satdump/./modules/network/module_network_client.h
-- Installing: /opt/satdump/include/satdump/./modules/network/module_network_server.h
-- Installing: /opt/satdump/include/satdump/./modules/xrit
-- Installing: /opt/satdump/include/satdump/./modules/xrit/module_goesrecv_publisher.h
-- Installing: /opt/satdump/include/satdump/./modules/xrit/module_s2udp_xrit_cadu_extractor.h
-- Installing: /opt/satdump/include/satdump/./modules/demod
-- Installing: /opt/satdump/include/satdump/./modules/demod/module_fsk_demod.h
-- Installing: /opt/satdump/include/satdump/./modules/demod/module_xfsk_burst_demod.h
-- Installing: /opt/satdump/include/satdump/./modules/demod/module_psk_demod.h
-- Installing: /opt/satdump/include/satdump/./modules/demod/module_sdpsk_demod.h
-- Installing: /opt/satdump/include/satdump/./modules/demod/module_pm_demod.h
-- Installing: /opt/satdump/include/satdump/./modules/demod/module_demod_base.h
-- Installing: /opt/satdump/include/satdump/./modules/products
-- Installing: /opt/satdump/include/satdump/./modules/products/module_products_processor.h
-- Installing: /opt/satdump/include/satdump/./modules/ccsds
-- Installing: /opt/satdump/include/satdump/./modules/ccsds/module_ccsds_simple_psk_decoder.h
-- Installing: /opt/satdump/include/satdump/./modules/ccsds/module_ccsds_ldpc_decoder.h
-- Installing: /opt/satdump/include/satdump/./modules/ccsds/module_ccsds_conv_concat_decoder.h
-- Installing: /opt/satdump/include/satdump/./modules/ccsds/module_ccsds_turbo_decoder.h
-- Installing: /opt/satdump/include/satdump/./modules/generic
-- Installing: /opt/satdump/include/satdump/./modules/generic/module_soft2hard.h
-- Up-to-date: /opt/satdump/include/satdump/./products
-- Installing: /opt/satdump/include/satdump/./products/products.h
-- Installing: /opt/satdump/include/satdump/./products/scatterometer_products.h
-- Installing: /opt/satdump/include/satdump/./products/processor
-- Installing: /opt/satdump/include/satdump/./products/processor/radiation_processor.h
-- Installing: /opt/satdump/include/satdump/./products/processor/image_processor.h
-- Installing: /opt/satdump/include/satdump/./products/processor/scatterometer_processor.h
-- Installing: /opt/satdump/include/satdump/./products/processor/processor.h
-- Installing: /opt/satdump/include/satdump/./products/radiation_products.h
-- Installing: /opt/satdump/include/satdump/./products/dataset.h
-- Installing: /opt/satdump/include/satdump/./products/image_products.h
-- Up-to-date: /opt/satdump/include/satdump/./core
-- Up-to-date: /opt/satdump/include/satdump/./core/opencl.h
-- Up-to-date: /opt/satdump/include/satdump/./core/exception.h
-- Installing: /opt/satdump/include/satdump/./core/backend.h
-- Installing: /opt/satdump/include/satdump/./core/params.h
-- Installing: /opt/satdump/include/satdump/./core/config.h
-- Installing: /opt/satdump/include/satdump/./core/plugin.h
-- Installing: /opt/satdump/include/satdump/./core/module.h
-- Installing: /opt/satdump/include/satdump/./core/live_pipeline.h
-- Installing: /opt/satdump/include/satdump/./core/pipeline.h
-- Installing: /opt/satdump/include/satdump/./core/style.h
-- Up-to-date: /opt/satdump/include/satdump/./common
-- Installing: /opt/satdump/include/satdump/./common/lrit
-- Installing: /opt/satdump/include/satdump/./common/lrit/crc_table.h
-- Installing: /opt/satdump/include/satdump/./common/lrit/lrit_demux.h
-- Installing: /opt/satdump/include/satdump/./common/lrit/lrit_productizer.h
-- Installing: /opt/satdump/include/satdump/./common/lrit/generic_xrit_calibrator.h
-- Installing: /opt/satdump/include/satdump/./common/lrit/lrit_file.h
-- Installing: /opt/satdump/include/satdump/./common/projection
-- Installing: /opt/satdump/include/satdump/./common/projection/timestamp_filtering.h
-- Installing: /opt/satdump/include/satdump/./common/projection/sat_proj
-- Installing: /opt/satdump/include/satdump/./common/projection/sat_proj/sat_proj.h
-- Installing: /opt/satdump/include/satdump/./common/projection/sat_proj/normal_line_xy_proj.h
-- Installing: /opt/satdump/include/satdump/./common/projection/sat_proj/manual_line_proj.h
-- Installing: /opt/satdump/include/satdump/./common/projection/sat_proj/normal_per_ifov_proj.h
-- Installing: /opt/satdump/include/satdump/./common/projection/sat_proj/normal_line_proj.h
-- Installing: /opt/satdump/include/satdump/./common/projection/reprojector_backend_utils.h
-- Installing: /opt/satdump/include/satdump/./common/projection/reprojector.h
-- Installing: /opt/satdump/include/satdump/./common/projection/gcp_compute
-- Installing: /opt/satdump/include/satdump/./common/projection/gcp_compute/gcp_compute.h
-- Installing: /opt/satdump/include/satdump/./common/projection/projs2
-- Installing: /opt/satdump/include/satdump/./common/projection/projs2/tmerc.h
-- Installing: /opt/satdump/include/satdump/./common/projection/projs2/webmerc.h
-- Installing: /opt/satdump/include/satdump/./common/projection/projs2/proj_json.h
-- Installing: /opt/satdump/include/satdump/./common/projection/projs2/tpers.h
-- Installing: /opt/satdump/include/satdump/./common/projection/projs2/equirect.h
-- Installing: /opt/satdump/include/satdump/./common/projection/projs2/proj.h
-- Installing: /opt/satdump/include/satdump/./common/projection/projs2/geos.h
-- Installing: /opt/satdump/include/satdump/./common/projection/projs2/stereo.h
-- Installing: /opt/satdump/include/satdump/./common/projection/projs
-- Installing: /opt/satdump/include/satdump/./common/projection/projs/tps_transform.h
-- Installing: /opt/satdump/include/satdump/./common/projection/projs/equirectangular.h
-- Installing: /opt/satdump/include/satdump/./common/projection/geotiff
-- Installing: /opt/satdump/include/satdump/./common/projection/geotiff/geotiff.h
-- Installing: /opt/satdump/include/satdump/./common/projection/geotiff/geotiff_def.h
-- Installing: /opt/satdump/include/satdump/./common/projection/thinplatespline.h
-- Installing: /opt/satdump/include/satdump/./common/projection/warp
-- Installing: /opt/satdump/include/satdump/./common/projection/warp/warp_bkd.h
-- Installing: /opt/satdump/include/satdump/./common/projection/warp/warp.h
-- Up-to-date: /opt/satdump/include/satdump/./common/map
-- Installing: /opt/satdump/include/satdump/./common/map/shapefile.h
-- Up-to-date: /opt/satdump/include/satdump/./common/map/maidenhead.h
-- Installing: /opt/satdump/include/satdump/./common/map/map_drawer.h
-- Up-to-date: /opt/satdump/include/satdump/./common/codings
-- Up-to-date: /opt/satdump/include/satdump/./common/codings/lfsr.h
-- Up-to-date: /opt/satdump/include/satdump/./common/codings/correlator32.h
-- Up-to-date: /opt/satdump/include/satdump/./common/codings/reedsolomon
-- Up-to-date: /opt/satdump/include/satdump/./common/codings/reedsolomon/reedsolomon.h
-- Up-to-date: /opt/satdump/include/satdump/./common/codings/generic_correlator.h
-- Up-to-date: /opt/satdump/include/satdump/./common/codings/rotation.h
-- Up-to-date: /opt/satdump/include/satdump/./common/codings/deframing
-- Installing: /opt/satdump/include/satdump/./common/codings/deframing/bpsk_ccsds_deframer.h
-- Up-to-date: /opt/satdump/include/satdump/./common/codings/deframing/hdlc_def.h
-- Up-to-date: /opt/satdump/include/satdump/./common/codings/crc
-- Up-to-date: /opt/satdump/include/satdump/./common/codings/crc/crc_generic.h
-- Up-to-date: /opt/satdump/include/satdump/./common/codings/manchester.h
-- Up-to-date: /opt/satdump/include/satdump/./common/codings/ldpc
-- Up-to-date: /opt/satdump/include/satdump/./common/codings/ldpc/matrix
-- Up-to-date: /opt/satdump/include/satdump/./common/codings/ldpc/matrix/general_utils.h
-- Up-to-date: /opt/satdump/include/satdump/./common/codings/ldpc/matrix/matrix.h
-- Up-to-date: /opt/satdump/include/satdump/./common/codings/ldpc/matrix/sparse_matrix.h
-- Up-to-date: /opt/satdump/include/satdump/./common/codings/ldpc/matrix/alist.h
-- Up-to-date: /opt/satdump/include/satdump/./common/codings/ldpc/ldpc_decoder_generic.h
-- Up-to-date: /opt/satdump/include/satdump/./common/codings/ldpc/ccsds_ldpc.h
-- Up-to-date: /opt/satdump/include/satdump/./common/codings/ldpc/make_ccsds.h
-- Up-to-date: /opt/satdump/include/satdump/./common/codings/ldpc/ldpc_decoder.h
-- Up-to-date: /opt/satdump/include/satdump/./common/codings/viterbi
-- Up-to-date: /opt/satdump/include/satdump/./common/codings/viterbi/cc_encoder.h
-- Up-to-date: /opt/satdump/include/satdump/./common/codings/viterbi/volk_k7_r2_generic_fixed.h
-- Installing: /opt/satdump/include/satdump/./common/codings/viterbi/viterbi_punc.h
-- Up-to-date: /opt/satdump/include/satdump/./common/codings/viterbi/viterbi_1_2.h
-- Up-to-date: /opt/satdump/include/satdump/./common/codings/viterbi/viterbi27.h
-- Up-to-date: /opt/satdump/include/satdump/./common/codings/viterbi/depunc.h
-- Up-to-date: /opt/satdump/include/satdump/./common/codings/viterbi/viterbi_buffer.h
-- Up-to-date: /opt/satdump/include/satdump/./common/codings/viterbi/cc_decoder.h
-- Up-to-date: /opt/satdump/include/satdump/./common/codings/viterbi/cc_common.h
-- Up-to-date: /opt/satdump/include/satdump/./common/codings/viterbi/viterbi_3_4.h
-- Installing: /opt/satdump/include/satdump/./common/codings/soft_reader.h
-- Installing: /opt/satdump/include/satdump/./common/codings/randomization.h
-- Up-to-date: /opt/satdump/include/satdump/./common/codings/correlator.h
-- Up-to-date: /opt/satdump/include/satdump/./common/codings/turbo
-- Up-to-date: /opt/satdump/include/satdump/./common/codings/turbo/ccsds_turbo.h
-- Up-to-date: /opt/satdump/include/satdump/./common/codings/types.h
-- Up-to-date: /opt/satdump/include/satdump/./common/codings/differential
-- Up-to-date: /opt/satdump/include/satdump/./common/codings/differential/generic.h
-- Up-to-date: /opt/satdump/include/satdump/./common/codings/differential/nrzi.h
-- Up-to-date: /opt/satdump/include/satdump/./common/codings/differential/qpsk_diff.h
-- Up-to-date: /opt/satdump/include/satdump/./common/codings/differential/nrzs.h
-- Up-to-date: /opt/satdump/include/satdump/./common/codings/differential/nrzm.h
-- Up-to-date: /opt/satdump/include/satdump/./common/codings/dvb-s2
-- Up-to-date: /opt/satdump/include/satdump/./common/codings/dvb-s2/bbframe_ts_parser.h
-- Up-to-date: /opt/satdump/include/satdump/./common/codings/dvb-s2/dvbs2.h
-- Installing: /opt/satdump/include/satdump/./common/repack.h
-- Up-to-date: /opt/satdump/include/satdump/./common/audio
-- Up-to-date: /opt/satdump/include/satdump/./common/audio/audio_sink.h
-- Installing: /opt/satdump/include/satdump/./common/lua
-- Installing: /opt/satdump/include/satdump/./common/lua/lua_utils.h
-- Up-to-date: /opt/satdump/include/satdump/./common/tile_map
-- Installing: /opt/satdump/include/satdump/./common/tile_map/map.h
-- Installing: /opt/satdump/include/satdump/./common/rimgui.h
-- Installing: /opt/satdump/include/satdump/./common/event_bus.h
-- Up-to-date: /opt/satdump/include/satdump/./common/cpu_features.h
-- Up-to-date: /opt/satdump/include/satdump/./common/tracking
-- Up-to-date: /opt/satdump/include/satdump/./common/tracking/scheduler
-- Installing: /opt/satdump/include/satdump/./common/tracking/scheduler/scheduler.h
-- Up-to-date: /opt/satdump/include/satdump/./common/tracking/scheduler/passes.h
-- Up-to-date: /opt/satdump/include/satdump/./common/tracking/obj_tracker
-- Installing: /opt/satdump/include/satdump/./common/tracking/obj_tracker/object_tracker.h
-- Installing: /opt/satdump/include/satdump/./common/tracking/interpolator.h
-- Installing: /opt/satdump/include/satdump/./common/tracking/tle.h
-- Up-to-date: /opt/satdump/include/satdump/./common/tracking/rotator
-- Up-to-date: /opt/satdump/include/satdump/./common/tracking/rotator/rotator_handler.h
-- Up-to-date: /opt/satdump/include/satdump/./common/tracking/rotator/rotcl_handler.h
-- Installing: /opt/satdump/include/satdump/./common/tracking/tracking.h
-- Up-to-date: /opt/satdump/include/satdump/./common/ziq.h
-- Up-to-date: /opt/satdump/include/satdump/./common/simple_deframer.h
-- Installing: /opt/satdump/include/satdump/./common/resizeable_buffer.h
-- Up-to-date: /opt/satdump/include/satdump/./common/wav.h
-- Up-to-date: /opt/satdump/include/satdump/./common/detect_header.h
-- Up-to-date: /opt/satdump/include/satdump/./common/dsp
-- Up-to-date: /opt/satdump/include/satdump/./common/dsp/utils
-- Up-to-date: /opt/satdump/include/satdump/./common/dsp/utils/doppler_correct.h
-- Up-to-date: /opt/satdump/include/satdump/./common/dsp/utils/real_to_complex.h
-- Up-to-date: /opt/satdump/include/satdump/./common/dsp/utils/complex_to_mag.h
-- Installing: /opt/satdump/include/satdump/./common/dsp/utils/correct_iq.h
-- Up-to-date: /opt/satdump/include/satdump/./common/dsp/utils/vco.h
-- Up-to-date: /opt/satdump/include/satdump/./common/dsp/utils/agc.h
-- Up-to-date: /opt/satdump/include/satdump/./common/dsp/utils/agc2.h
-- Up-to-date: /opt/satdump/include/satdump/./common/dsp/utils/fast_trig.h
-- Up-to-date: /opt/satdump/include/satdump/./common/dsp/utils/random.h
-- Up-to-date: /opt/satdump/include/satdump/./common/dsp/utils/freq_shift.h
-- Up-to-date: /opt/satdump/include/satdump/./common/dsp/utils/snr_estimator.h
-- Up-to-date: /opt/satdump/include/satdump/./common/dsp/hier
-- Up-to-date: /opt/satdump/include/satdump/./common/dsp/hier/gfsk_mod.h
-- Up-to-date: /opt/satdump/include/satdump/./common/dsp/complex.h
-- Up-to-date: /opt/satdump/include/satdump/./common/dsp/pll
-- Up-to-date: /opt/satdump/include/satdump/./common/dsp/pll/bpsk_carrier_pll.h
-- Up-to-date: /opt/satdump/include/satdump/./common/dsp/pll/pll_carrier_tracking.h
-- Up-to-date: /opt/satdump/include/satdump/./common/dsp/pll/costas_loop.h
-- Up-to-date: /opt/satdump/include/satdump/./common/dsp/window
-- Up-to-date: /opt/satdump/include/satdump/./common/dsp/window/window.h
-- Up-to-date: /opt/satdump/include/satdump/./common/dsp/clock_recovery
-- Up-to-date: /opt/satdump/include/satdump/./common/dsp/clock_recovery/clock_recovery_mm.h
-- Up-to-date: /opt/satdump/include/satdump/./common/dsp/clock_recovery/clock_recovery_gardner.h
-- Up-to-date: /opt/satdump/include/satdump/./common/dsp/io
-- Up-to-date: /opt/satdump/include/satdump/./common/dsp/io/file_source.h
-- Up-to-date: /opt/satdump/include/satdump/./common/dsp/io/net_sink.h
-- Up-to-date: /opt/satdump/include/satdump/./common/dsp/io/baseband_type.h
-- Up-to-date: /opt/satdump/include/satdump/./common/dsp/io/baseband_interface.h
-- Up-to-date: /opt/satdump/include/satdump/./common/dsp/io/wav_writer.h
-- Up-to-date: /opt/satdump/include/satdump/./common/dsp/io/file_sink.h
-- Up-to-date: /opt/satdump/include/satdump/./common/dsp/fft
-- Up-to-date: /opt/satdump/include/satdump/./common/dsp/fft/fft_pan.h
-- Up-to-date: /opt/satdump/include/satdump/./common/dsp/demod
-- Up-to-date: /opt/satdump/include/satdump/./common/dsp/demod/delay_one_imag.h
-- Up-to-date: /opt/satdump/include/satdump/./common/dsp/demod/quadrature_demod.h
-- Up-to-date: /opt/satdump/include/satdump/./common/dsp/demod/constellation.h
-- Up-to-date: /opt/satdump/include/satdump/./common/dsp/demod/pm_to_bpsk.h
-- Installing: /opt/satdump/include/satdump/./common/dsp/block.h
-- Up-to-date: /opt/satdump/include/satdump/./common/dsp/filter
-- Installing: /opt/satdump/include/satdump/./common/dsp/filter/firdes.h
-- Up-to-date: /opt/satdump/include/satdump/./common/dsp/filter/fir.h
-- Up-to-date: /opt/satdump/include/satdump/./common/dsp/filter/fft_filter.h
-- Up-to-date: /opt/satdump/include/satdump/./common/dsp/filter/deemphasis.h
-- Up-to-date: /opt/satdump/include/satdump/./common/dsp/filter/decimating_fir.h
-- Up-to-date: /opt/satdump/include/satdump/./common/dsp/path
-- Up-to-date: /opt/satdump/include/satdump/./common/dsp/path/splitter_vfo.h
-- Up-to-date: /opt/satdump/include/satdump/./common/dsp/path/splitter.h
-- Up-to-date: /opt/satdump/include/satdump/./common/dsp/buffer.h
-- Up-to-date: /opt/satdump/include/satdump/./common/dsp/resamp
-- Up-to-date: /opt/satdump/include/satdump/./common/dsp/resamp/polyphase_bank.h
-- Installing: /opt/satdump/include/satdump/./common/dsp/resamp/rational_resampler.h
-- Up-to-date: /opt/satdump/include/satdump/./common/dsp/resamp/smart_resampler.h
-- Up-to-date: /opt/satdump/include/satdump/./common/dsp/resamp/power_decim.h
-- Up-to-date: /opt/satdump/include/satdump/./common/dsp/resamp/power_decim
-- Up-to-date: /opt/satdump/include/satdump/./common/dsp/resamp/power_decim/fir_32_8.h
-- Up-to-date: /opt/satdump/include/satdump/./common/dsp/resamp/power_decim/fir_4_2.h
-- Up-to-date: /opt/satdump/include/satdump/./common/dsp/resamp/power_decim/fir_64_8.h
-- Up-to-date: /opt/satdump/include/satdump/./common/dsp/resamp/power_decim/fir_2_2.h
-- Up-to-date: /opt/satdump/include/satdump/./common/dsp/resamp/power_decim/fir_512_32.h
-- Up-to-date: /opt/satdump/include/satdump/./common/dsp/resamp/power_decim/plans.h
-- Up-to-date: /opt/satdump/include/satdump/./common/dsp/resamp/power_decim/fir_8_4.h
-- Up-to-date: /opt/satdump/include/satdump/./common/dsp/resamp/power_decim/fir_16_8.h
-- Up-to-date: /opt/satdump/include/satdump/./common/dsp/resamp/power_decim/fir_4096_64.h
-- Up-to-date: /opt/satdump/include/satdump/./common/dsp/resamp/power_decim/fir_2048_64.h
-- Up-to-date: /opt/satdump/include/satdump/./common/dsp/resamp/power_decim/fir_256_32.h
-- Up-to-date: /opt/satdump/include/satdump/./common/dsp/resamp/power_decim/fir_1024_64.h
-- Up-to-date: /opt/satdump/include/satdump/./common/dsp/resamp/power_decim/fir_128_16.h
-- Up-to-date: /opt/satdump/include/satdump/./common/dsp/resamp/power_decim/fir_8192_128.h
-- Up-to-date: /opt/satdump/include/satdump/./common/ziq2.h
-- Up-to-date: /opt/satdump/include/satdump/./common/cli_utils.h
-- Up-to-date: /opt/satdump/include/satdump/./common/net
-- Installing: /opt/satdump/include/satdump/./common/net/udp.h
-- Up-to-date: /opt/satdump/include/satdump/./common/net/tcp.h
-- Installing: /opt/satdump/include/satdump/./common/image
-- Installing: /opt/satdump/include/satdump/./common/image/earth_curvature.h
-- Installing: /opt/satdump/include/satdump/./common/image/brightness_contrast.h
-- Installing: /opt/satdump/include/satdump/./common/image/jpeg_utils.h
-- Installing: /opt/satdump/include/satdump/./common/image/font
-- Installing: /opt/satdump/include/satdump/./common/image/font/utf8.h
-- Installing: /opt/satdump/include/satdump/./common/image/font/imstb_textedit.h
-- Installing: /opt/satdump/include/satdump/./common/image/font/imstb_rectpack.h
-- Installing: /opt/satdump/include/satdump/./common/image/font/imstb_truetype.h
-- Installing: /opt/satdump/include/satdump/./common/image/font/utf8
-- Installing: /opt/satdump/include/satdump/./common/image/font/utf8/unchecked.h
-- Installing: /opt/satdump/include/satdump/./common/image/font/utf8/core.h
-- Installing: /opt/satdump/include/satdump/./common/image/font/utf8/checked.h
-- Installing: /opt/satdump/include/satdump/./common/image/image_saving_thread.h
-- Installing: /opt/satdump/include/satdump/./common/image/font_lib
-- Installing: /opt/satdump/include/satdump/./common/image/font_lib/imstb_textedit.h
-- Installing: /opt/satdump/include/satdump/./common/image/font_lib/imstb_rectpack.h
-- Installing: /opt/satdump/include/satdump/./common/image/font_lib/imstb_truetype.h
-- Installing: /opt/satdump/include/satdump/./common/image/composite.h
-- Installing: /opt/satdump/include/satdump/./common/image/image_lut.h
-- Installing: /opt/satdump/include/satdump/./common/image/image_utils.h
-- Installing: /opt/satdump/include/satdump/./common/image/image_background.h
-- Installing: /opt/satdump/include/satdump/./common/image/hue_saturation.h
-- Installing: /opt/satdump/include/satdump/./common/image/io.h
-- Installing: /opt/satdump/include/satdump/./common/image/processing.h
-- Installing: /opt/satdump/include/satdump/./common/image/io
-- Installing: /opt/satdump/include/satdump/./common/image/jpeg12_utils.h
-- Installing: /opt/satdump/include/satdump/./common/image/image.h
-- Installing: /opt/satdump/include/satdump/./common/image/bowtie.h
-- Installing: /opt/satdump/include/satdump/./common/image/text.h
-- Installing: /opt/satdump/include/satdump/./common/image/bayer
-- Installing: /opt/satdump/include/satdump/./common/image/bayer/bayer.h
-- Installing: /opt/satdump/include/satdump/./common/image/meta.h
-- Installing: /opt/satdump/include/satdump/./common/image/j2k_utils.h
-- Installing: /opt/satdump/include/satdump/./common/image/histogram_utils.h
-- Installing: /opt/satdump/include/satdump/./common/calibration.h
-- Up-to-date: /opt/satdump/include/satdump/./common/geodetic
-- Up-to-date: /opt/satdump/include/satdump/./common/geodetic/ecef_to_eci.h
-- Installing: /opt/satdump/include/satdump/./common/geodetic/geodetic_coordinates.h
-- Up-to-date: /opt/satdump/include/satdump/./common/geodetic/wgs84.h
-- Up-to-date: /opt/satdump/include/satdump/./common/geodetic/euler_coordinates.h
-- Up-to-date: /opt/satdump/include/satdump/./common/geodetic/lla_xyz.h
-- Up-to-date: /opt/satdump/include/satdump/./common/geodetic/euler_raytrace.h
-- Up-to-date: /opt/satdump/include/satdump/./common/geodetic/vincentys_calculations.h
-- Installing: /opt/satdump/include/satdump/./common/utils.h
-- Up-to-date: /opt/satdump/include/satdump/./common/widgets
-- Installing: /opt/satdump/include/satdump/./common/widgets/markdown_helper.h
-- Installing: /opt/satdump/include/satdump/./common/widgets/timed_message.h
-- Installing: /opt/satdump/include/satdump/./common/widgets/stepped_slider.h
-- Up-to-date: /opt/satdump/include/satdump/./common/widgets/spinner.h
-- Installing: /opt/satdump/include/satdump/./common/widgets/snr_plot.h
-- Installing: /opt/satdump/include/satdump/./common/widgets/value_plot.h
-- Installing: /opt/satdump/include/satdump/./common/widgets/waterfall_plot.h
-- Installing: /opt/satdump/include/satdump/./common/widgets/frequency_input.h
-- Installing: /opt/satdump/include/satdump/./common/widgets/logger_sink.h
-- Installing: /opt/satdump/include/satdump/./common/widgets/fft_plot.h
-- Installing: /opt/satdump/include/satdump/./common/widgets/double_list.h
-- Up-to-date: /opt/satdump/include/satdump/./common/widgets/switch.h
-- Installing: /opt/satdump/include/satdump/./common/widgets/pipeline_selector.h
-- Installing: /opt/satdump/include/satdump/./common/widgets/themed_widgets.h
-- Up-to-date: /opt/satdump/include/satdump/./common/widgets/azel_input.h
-- Installing: /opt/satdump/include/satdump/./common/widgets/datetime.h
-- Installing: /opt/satdump/include/satdump/./common/widgets/notated_num.h
-- Installing: /opt/satdump/include/satdump/./common/widgets/constellation.h
-- Installing: /opt/satdump/include/satdump/./common/widgets/image_view.h
-- Installing: /opt/satdump/include/satdump/./common/widgets/json_editor.h
-- Installing: /opt/satdump/include/satdump/./common/widgets/constellation_s2.h
-- Installing: /opt/satdump/include/satdump/./common/thread_priority.h
-- Up-to-date: /opt/satdump/include/satdump/./common/mpeg_ts
-- Up-to-date: /opt/satdump/include/satdump/./common/mpeg_ts/ts_header.h
-- Up-to-date: /opt/satdump/include/satdump/./common/mpeg_ts/dvb_mpe.h
-- Up-to-date: /opt/satdump/include/satdump/./common/mpeg_ts/ts_demux.h
-- Up-to-date: /opt/satdump/include/satdump/./common/mpeg_ts/fazzt_processor.h
-- Installing: /opt/satdump/include/satdump/./common/overlay_handler.h
-- Installing: /opt/satdump/include/satdump/./common/colormaps.h
-- Up-to-date: /opt/satdump/include/satdump/./common/ccsds
-- Installing: /opt/satdump/include/satdump/./common/ccsds/ccsds_time.h
-- Up-to-date: /opt/satdump/include/satdump/./common/ccsds/ccsds_tm
-- Up-to-date: /opt/satdump/include/satdump/./common/ccsds/ccsds_tm/mpdu.h
-- Installing: /opt/satdump/include/satdump/./common/ccsds/ccsds_tm/demuxer.h
-- Up-to-date: /opt/satdump/include/satdump/./common/ccsds/ccsds_tm/vcdu.h
-- Installing: /opt/satdump/include/satdump/./common/ccsds/ccsds.h
-- Up-to-date: /opt/satdump/include/satdump/./common/ccsds/ccsds_aos
-- Up-to-date: /opt/satdump/include/satdump/./common/ccsds/ccsds_aos/mpdu.h
-- Installing: /opt/satdump/include/satdump/./common/ccsds/ccsds_aos/demuxer.h
-- Up-to-date: /opt/satdump/include/satdump/./common/ccsds/ccsds_aos/vcdu.h
-- Up-to-date: /opt/satdump/include/satdump/./common/repack_bits_byte.h
-- Up-to-date: /opt/satdump/include/satdump/./common/dsp_source_sink
-- Up-to-date: /opt/satdump/include/satdump/./common/dsp_source_sink/dsp_sample_sink.h
-- Installing: /opt/satdump/include/satdump/./common/dsp_source_sink/format_notated.h
-- Installing: /opt/satdump/include/satdump/./common/dsp_source_sink/file_source.h
-- Up-to-date: /opt/satdump/include/satdump/./common/dsp_source_sink/dsp_sample_source.h
-- Installing: /opt/satdump/include/satdump/./common/dsp_source_sink/android_usb_backend.h
-- Installing: /opt/satdump/include/satdump/./common/imgui_utils.h
-- Up-to-date: /opt/satdump/include/satdump/.
-- Up-to-date: /opt/satdump/include/satdump/./libs
-- Up-to-date: /opt/satdump/include/satdump/./libs/ctpl
-- Up-to-date: /opt/satdump/include/satdump/./libs/bzlib
-- Up-to-date: /opt/satdump/include/satdump/./libs/others
-- Up-to-date: /opt/satdump/include/satdump/./libs/aec
-- Up-to-date: /opt/satdump/include/satdump/./libs/muparser
-- Up-to-date: /opt/satdump/include/satdump/./libs/miniz
-- Up-to-date: /opt/satdump/include/satdump/./libs/rapidxml.hpp
-- Up-to-date: /opt/satdump/include/satdump/./libs/lua
-- Up-to-date: /opt/satdump/include/satdump/./libs/base64
-- Up-to-date: /opt/satdump/include/satdump/./libs/correct
-- Up-to-date: /opt/satdump/include/satdump/./libs/correct/reed-solomon
-- Up-to-date: /opt/satdump/include/satdump/./libs/libopencl_loader
-- Up-to-date: /opt/satdump/include/satdump/./libs/libopencl_loader/CL
-- Up-to-date: /opt/satdump/include/satdump/./libs/libopencl_loader/CL/cl.hpp
-- Up-to-date: /opt/satdump/include/satdump/./libs/openjp2
-- Up-to-date: /opt/satdump/include/satdump/./libs/deepspace-turbo
-- Up-to-date: /opt/satdump/include/satdump/./libs/dlfcn
-- Up-to-date: /opt/satdump/include/satdump/./libs/predict
-- Up-to-date: /opt/satdump/include/satdump/./libs/jpeg12
-- Up-to-date: /opt/satdump/include/satdump/./libs/sol2
-- Installing: /opt/satdump/include/satdump/./libs/sol2/config.hpp
-- Installing: /opt/satdump/include/satdump/./libs/sol2/sol.hpp
-- Up-to-date: /opt/satdump/include/satdump/./libs/jpeg
-- Up-to-date: /opt/satdump/include/satdump/./nlohmann
-- Installing: /opt/satdump/include/satdump/./nlohmann/json.hpp
-- Up-to-date: /opt/satdump/include/satdump/./imgui
-- Up-to-date: /opt/satdump/include/satdump/./imgui/implot
-- Up-to-date: /opt/satdump/include/satdump/./imgui/pfd
-- Up-to-date: /opt/satdump/include/satdump/./modules
-- Up-to-date: /opt/satdump/include/satdump/./modules/network
-- Up-to-date: /opt/satdump/include/satdump/./modules/xrit
-- Up-to-date: /opt/satdump/include/satdump/./modules/demod
-- Up-to-date: /opt/satdump/include/satdump/./modules/products
-- Up-to-date: /opt/satdump/include/satdump/./modules/ccsds
-- Up-to-date: /opt/satdump/include/satdump/./modules/generic
-- Up-to-date: /opt/satdump/include/satdump/./products
-- Up-to-date: /opt/satdump/include/satdump/./products/processor
-- Up-to-date: /opt/satdump/include/satdump/./core
-- Up-to-date: /opt/satdump/include/satdump/./common
-- Up-to-date: /opt/satdump/include/satdump/./common/lrit
-- Up-to-date: /opt/satdump/include/satdump/./common/projection
-- Up-to-date: /opt/satdump/include/satdump/./common/projection/sat_proj
-- Up-to-date: /opt/satdump/include/satdump/./common/projection/gcp_compute
-- Up-to-date: /opt/satdump/include/satdump/./common/projection/projs2
-- Up-to-date: /opt/satdump/include/satdump/./common/projection/projs
-- Up-to-date: /opt/satdump/include/satdump/./common/projection/geotiff
-- Up-to-date: /opt/satdump/include/satdump/./common/projection/warp
-- Up-to-date: /opt/satdump/include/satdump/./common/map
-- Up-to-date: /opt/satdump/include/satdump/./common/codings
-- Up-to-date: /opt/satdump/include/satdump/./common/codings/reedsolomon
-- Up-to-date: /opt/satdump/include/satdump/./common/codings/deframing
-- Up-to-date: /opt/satdump/include/satdump/./common/codings/crc
-- Up-to-date: /opt/satdump/include/satdump/./common/codings/ldpc
-- Up-to-date: /opt/satdump/include/satdump/./common/codings/ldpc/matrix
-- Up-to-date: /opt/satdump/include/satdump/./common/codings/viterbi
-- Up-to-date: /opt/satdump/include/satdump/./common/codings/turbo
-- Up-to-date: /opt/satdump/include/satdump/./common/codings/differential
-- Up-to-date: /opt/satdump/include/satdump/./common/codings/dvb-s2
-- Up-to-date: /opt/satdump/include/satdump/./common/audio
-- Up-to-date: /opt/satdump/include/satdump/./common/lua
-- Up-to-date: /opt/satdump/include/satdump/./common/tile_map
-- Up-to-date: /opt/satdump/include/satdump/./common/tracking
-- Up-to-date: /opt/satdump/include/satdump/./common/tracking/scheduler
-- Up-to-date: /opt/satdump/include/satdump/./common/tracking/obj_tracker
-- Up-to-date: /opt/satdump/include/satdump/./common/tracking/rotator
-- Up-to-date: /opt/satdump/include/satdump/./common/dsp
-- Up-to-date: /opt/satdump/include/satdump/./common/dsp/utils
-- Up-to-date: /opt/satdump/include/satdump/./common/dsp/hier
-- Up-to-date: /opt/satdump/include/satdump/./common/dsp/pll
-- Up-to-date: /opt/satdump/include/satdump/./common/dsp/window
-- Up-to-date: /opt/satdump/include/satdump/./common/dsp/clock_recovery
-- Up-to-date: /opt/satdump/include/satdump/./common/dsp/io
-- Up-to-date: /opt/satdump/include/satdump/./common/dsp/fft
-- Up-to-date: /opt/satdump/include/satdump/./common/dsp/demod
-- Up-to-date: /opt/satdump/include/satdump/./common/dsp/filter
-- Up-to-date: /opt/satdump/include/satdump/./common/dsp/path
-- Up-to-date: /opt/satdump/include/satdump/./common/dsp/resamp
-- Up-to-date: /opt/satdump/include/satdump/./common/dsp/resamp/power_decim
-- Up-to-date: /opt/satdump/include/satdump/./common/net
-- Up-to-date: /opt/satdump/include/satdump/./common/image
-- Up-to-date: /opt/satdump/include/satdump/./common/image/font
-- Up-to-date: /opt/satdump/include/satdump/./common/image/font/utf8
-- Up-to-date: /opt/satdump/include/satdump/./common/image/font_lib
-- Up-to-date: /opt/satdump/include/satdump/./common/image/io
-- Up-to-date: /opt/satdump/include/satdump/./common/image/bayer
-- Up-to-date: /opt/satdump/include/satdump/./common/geodetic
-- Up-to-date: /opt/satdump/include/satdump/./common/widgets
-- Up-to-date: /opt/satdump/include/satdump/./common/mpeg_ts
-- Up-to-date: /opt/satdump/include/satdump/./common/ccsds
-- Up-to-date: /opt/satdump/include/satdump/./common/ccsds/ccsds_tm
-- Up-to-date: /opt/satdump/include/satdump/./common/ccsds/ccsds_aos
-- Up-to-date: /opt/satdump/include/satdump/./common/dsp_source_sink
-- Installing: /opt/satdump/bin/satdump
-- Set runtime path of "/opt/satdump/bin/satdump" to ""
-- Installing: /opt/satdump/lib/satdump/plugins/libspacex_support.so
-- Set runtime path of "/opt/satdump/lib/satdump/plugins/libspacex_support.so" to ""
-- Installing: /opt/satdump/lib/satdump/plugins/libfengyun2_support.so
-- Set runtime path of "/opt/satdump/lib/satdump/plugins/libfengyun2_support.so" to ""
-- Installing: /opt/satdump/lib/satdump/plugins/libfengyun3_support.so
-- Set runtime path of "/opt/satdump/lib/satdump/plugins/libfengyun3_support.so" to ""
-- Installing: /opt/satdump/lib/satdump/plugins/libfengyun4_support.so
-- Set runtime path of "/opt/satdump/lib/satdump/plugins/libfengyun4_support.so" to ""
-- Installing: /opt/satdump/lib/satdump/plugins/libproba_support.so
-- Set runtime path of "/opt/satdump/lib/satdump/plugins/libproba_support.so" to ""
-- Installing: /opt/satdump/lib/satdump/plugins/libeos_support.so
-- Set runtime path of "/opt/satdump/lib/satdump/plugins/libeos_support.so" to ""
-- Installing: /opt/satdump/lib/satdump/plugins/libmeteor_support.so
-- Set runtime path of "/opt/satdump/lib/satdump/plugins/libmeteor_support.so" to ""
-- Installing: /opt/satdump/lib/satdump/plugins/libjpss_support.so
-- Set runtime path of "/opt/satdump/lib/satdump/plugins/libjpss_support.so" to ""
-- Installing: /opt/satdump/lib/satdump/plugins/libgoes_support.so
-- Set runtime path of "/opt/satdump/lib/satdump/plugins/libgoes_support.so" to ""
-- Installing: /opt/satdump/lib/satdump/plugins/libelektro_arktika_support.so
-- Set runtime path of "/opt/satdump/lib/satdump/plugins/libelektro_arktika_support.so" to ""
-- Installing: /opt/satdump/lib/satdump/plugins/libgk2a_support.so
-- Set runtime path of "/opt/satdump/lib/satdump/plugins/libgk2a_support.so" to ""
-- Installing: /opt/satdump/lib/satdump/plugins/libnoaa_metop_support.so
-- Set runtime path of "/opt/satdump/lib/satdump/plugins/libnoaa_metop_support.so" to ""
-- Installing: /opt/satdump/lib/satdump/plugins/libdmsp_support.so
-- Set runtime path of "/opt/satdump/lib/satdump/plugins/libdmsp_support.so" to ""
-- Installing: /opt/satdump/lib/satdump/plugins/libjason3_support.so
-- Set runtime path of "/opt/satdump/lib/satdump/plugins/libjason3_support.so" to ""
-- Installing: /opt/satdump/lib/satdump/plugins/libaim_support.so
-- Set runtime path of "/opt/satdump/lib/satdump/plugins/libaim_support.so" to ""
-- Installing: /opt/satdump/lib/satdump/plugins/libwsf_support.so
-- Set runtime path of "/opt/satdump/lib/satdump/plugins/libwsf_support.so" to ""
-- Installing: /opt/satdump/lib/satdump/plugins/libaws_support.so
-- Set runtime path of "/opt/satdump/lib/satdump/plugins/libaws_support.so" to ""
-- Installing: /opt/satdump/lib/satdump/plugins/libmats_support.so
-- Set runtime path of "/opt/satdump/lib/satdump/plugins/libmats_support.so" to ""
-- Installing: /opt/satdump/lib/satdump/plugins/libhinode_support.so
-- Set runtime path of "/opt/satdump/lib/satdump/plugins/libhinode_support.so" to ""
-- Installing: /opt/satdump/lib/satdump/plugins/liboceansat_support.so
-- Set runtime path of "/opt/satdump/lib/satdump/plugins/liboceansat_support.so" to ""
-- Installing: /opt/satdump/lib/satdump/plugins/liblandsat_support.so
-- Set runtime path of "/opt/satdump/lib/satdump/plugins/liblandsat_support.so" to ""
-- Installing: /opt/satdump/lib/satdump/plugins/libhimawari_support.so
-- Set runtime path of "/opt/satdump/lib/satdump/plugins/libhimawari_support.so" to ""
-- Installing: /opt/satdump/lib/satdump/plugins/libgeonetcast_support.so
-- Set runtime path of "/opt/satdump/lib/satdump/plugins/libgeonetcast_support.so" to ""
-- Installing: /opt/satdump/lib/satdump/plugins/libbluewalker3_support.so
-- Set runtime path of "/opt/satdump/lib/satdump/plugins/libbluewalker3_support.so" to ""
-- Installing: /opt/satdump/lib/satdump/plugins/libanalog_support.so
-- Set runtime path of "/opt/satdump/lib/satdump/plugins/libanalog_support.so" to ""
-- Installing: /opt/satdump/lib/satdump/plugins/liborbcomm_support.so
-- Set runtime path of "/opt/satdump/lib/satdump/plugins/liborbcomm_support.so" to ""
-- Installing: /opt/satdump/lib/satdump/plugins/libgcom_support.so
-- Set runtime path of "/opt/satdump/lib/satdump/plugins/libgcom_support.so" to ""
-- Installing: /opt/satdump/lib/satdump/plugins/libtubsat_support.so
-- Set runtime path of "/opt/satdump/lib/satdump/plugins/libtubsat_support.so" to ""
-- Installing: /opt/satdump/lib/satdump/plugins/libumka_support.so
-- Set runtime path of "/opt/satdump/lib/satdump/plugins/libumka_support.so" to ""
-- Installing: /opt/satdump/lib/satdump/plugins/libdscovr_support.so
-- Set runtime path of "/opt/satdump/lib/satdump/plugins/libdscovr_support.so" to ""
-- Installing: /opt/satdump/lib/satdump/plugins/libstereo_support.so
-- Set runtime path of "/opt/satdump/lib/satdump/plugins/libstereo_support.so" to ""
-- Installing: /opt/satdump/lib/satdump/plugins/libinmarsat_support.so
-- Set runtime path of "/opt/satdump/lib/satdump/plugins/libinmarsat_support.so" to ""
-- Installing: /opt/satdump/lib/satdump/plugins/libcubesat_support.so
-- Set runtime path of "/opt/satdump/lib/satdump/plugins/libcubesat_support.so" to ""
-- Installing: /opt/satdump/lib/satdump/plugins/libothers_support.so
-- Set runtime path of "/opt/satdump/lib/satdump/plugins/libothers_support.so" to ""
-- Installing: /opt/satdump/lib/satdump/plugins/libofficial_products_support.so
-- Set runtime path of "/opt/satdump/lib/satdump/plugins/libofficial_products_support.so" to ""
-- Installing: /opt/satdump/lib/satdump/plugins/libdvb_support.so
-- Set runtime path of "/opt/satdump/lib/satdump/plugins/libdvb_support.so" to ""
-- Installing: /opt/satdump/lib/satdump/plugins/libcluster_support.so
-- Set runtime path of "/opt/satdump/lib/satdump/plugins/libcluster_support.so" to ""
-- Installing: /opt/satdump/lib/satdump/plugins/libmeteosat_support.so
-- Set runtime path of "/opt/satdump/lib/satdump/plugins/libmeteosat_support.so" to ""
-- Installing: /opt/satdump/lib/satdump/plugins/libsimd_sse41.so
-- Set runtime path of "/opt/satdump/lib/satdump/plugins/libsimd_sse41.so" to ""
-- Installing: /opt/satdump/lib/satdump/plugins/libsimd_avx2.so
-- Set runtime path of "/opt/satdump/lib/satdump/plugins/libsimd_avx2.so" to ""
-- Installing: /opt/satdump/lib/satdump/plugins/libspyserver_support.so
-- Set runtime path of "/opt/satdump/lib/satdump/plugins/libspyserver_support.so" to ""
-- Installing: /opt/satdump/lib/satdump/plugins/librtltcp_support.so
-- Set runtime path of "/opt/satdump/lib/satdump/plugins/librtltcp_support.so" to ""
-- Installing: /opt/satdump/lib/satdump/plugins/libsdrpp_server_support.so
-- Set runtime path of "/opt/satdump/lib/satdump/plugins/libsdrpp_server_support.so" to ""
-- Installing: /opt/satdump/lib/satdump/plugins/libnet_source_support.so
-- Set runtime path of "/opt/satdump/lib/satdump/plugins/libnet_source_support.so" to ""
-- Installing: /opt/satdump/lib/satdump/plugins/libremote_sdr_support.so
-- Set runtime path of "/opt/satdump/lib/satdump/plugins/libremote_sdr_support.so" to ""
-- Installing: /opt/satdump/bin/satdump_sdr_server
-- Set runtime path of "/opt/satdump/bin/satdump_sdr_server" to ""
-- Installing: /opt/satdump/lib/satdump/plugins/libcpp_compos_support.so
-- Set runtime path of "/opt/satdump/lib/satdump/plugins/libcpp_compos_support.so" to ""
INSTALL_EXIT=0
ALL_DONE
